date,action,stock_code,price,amount,deal_amount,factor,value,cash
2018-01-03 00:00:00,buy,SH601233,1.78,1068846.6172542828,1068846.6172542828,0.07222738862037659,1899891.97,98099158.08
2018-01-03 00:00:00,buy,SH600426,11.44,165976.754079032,165976.754079032,0.6615384221076965,1899539.95,96198668.36
2018-01-03 00:00:00,buy,SZ000830,13.57,139943.90386112832,139943.90386112832,0.7910312414169312,1898505.02,94299214.09
2018-01-03 00:00:00,buy,SZ002050,19.5,97330.27393276739,97330.27393276739,0.9781129360198975,1898287.86,92399977.08
2018-01-03 00:00:00,buy,SH600466,7.75,244955.61066633408,244955.61066633408,0.7952461242675781,1899300.0,90499727.43
2018-01-03 00:00:00,buy,SZ000998,25.5,74443.76643899822,74443.76643899822,0.97926265001297,1898316.04,88600462.22
2018-01-03 00:00:00,buy,SZ002635,4.38,433414.82883062575,433414.82883062575,0.16450752317905426,1898719.08,86700793.78
2018-01-03 00:00:00,buy,SZ002032,33.22,57154.72739792068,57154.72739792068,0.808332085609436,1898820.09,84801024.28
2018-01-03 00:00:00,buy,SZ300182,4.04,470569.9261278989,470569.9261278989,0.4566802680492401,1899716.01,82900358.42
2018-01-03 00:00:00,buy,SZ002670,3.9,487270.9680534349,487270.9680534349,0.2009149044752121,1898280.9,81001128.38
2018-01-03 00:00:00,buy,SZ002311,4.04,470482.32085052563,470482.32085052563,0.1770523488521576,1899240.07,79100938.69
2018-01-03 00:00:00,buy,SZ002384,2.07,914873.189775795,914873.189775795,0.06962713599205017,1898260.05,77201729.51
2018-01-03 00:00:00,buy,SZ000513,20.86,90977.78146327754,90977.78146327754,0.3011724352836609,1897450.04,75303330.74
2018-01-03 00:00:00,buy,SZ000021,3.0,633456.379595196,633456.379595196,0.30294114351272583,1899810.03,73402570.8
2018-01-03 00:00:00,buy,SZ002093,4.81,394540.0689157789,394540.0689157789,0.4988086521625519,1899119.91,71502501.33
2018-01-03 00:00:00,buy,SZ000937,3.32,572208.8119707612,572208.8119707612,0.5407117009162903,1899715.89,69601835.58
2018-01-03 00:00:00,buy,SZ000661,51.05,37013.2724884903,37013.2724884903,0.28098028898239136,1889679.88,67711210.86
2018-01-03 00:00:00,buy,SZ002281,3.34,569492.9574746235,569492.9574746235,0.1074640154838562,1899648.04,65810612.99
2018-01-03 00:00:00,buy,SZ002038,34.29,55384.383727596076,55384.383727596076,1.0869489908218384,1899309.94,63910353.4
2018-01-04 00:00:00,sell,SZ002670,3.85,487270.9680534349,487270.9680534349,0.20091558992862701,1874791.47,65782332.68
2018-01-04 00:00:00,sell,SZ002038,34.73,55384.383727596076,55384.383727596076,1.0869479179382324,1923388.28,67702835.88
2018-01-04 00:00:00,sell,SZ000661,50.35,37013.2724884903,37013.2724884903,0.2809828817844391,1863697.28,69563737.62
2018-01-04 00:00:00,sell,SZ002384,2.17,914873.189775795,914873.189775795,0.06962397694587708,1989260.65,71550014.38
2018-01-04 00:00:00,sell,SZ000998,25.67,74443.76643899822,74443.76643899822,0.9792699813842773,1910723.29,73457871.58
2018-01-04 00:00:00,buy,SZ002078,3.79,511064.2292893396,511064.2292893396,0.3852744698524475,1937495.98,71519406.86
2018-01-04 00:00:00,buy,SH600885,16.83,115115.77532011112,115115.77532011112,0.37874913215637207,1937147.97,69581290.32
2018-01-04 00:00:00,buy,SH601001,1.26,1538272.7520431164,1538272.7520431164,0.1944388598203659,1938167.91,67642153.33
2018-01-04 00:00:00,buy,SH600366,9.98,194079.0494046563,194079.0494046563,0.561111569404602,1937331.01,65703853.65
2018-01-04 00:00:00,buy,SZ000656,8.71,222424.5327064508,222424.5327064508,1.7673410177230835,1937982.9,63764901.76
2018-01-05 00:00:00,sell,SZ000830,14.22,139943.90386112832,139943.90386112832,0.7910347580909729,1990394.86,65752311.03
2018-01-05 00:00:00,sell,SH600466,8.13,244955.61066633408,244955.61066633408,0.7952775955200195,1990934.79,67740259.42
2018-01-05 00:00:00,sell,SZ002078,3.79,511064.2292893396,511064.2292893396,0.3852851986885071,1935580.91,69672936.95
2018-01-05 00:00:00,sell,SZ002281,3.24,569492.9574746235,569492.9574746235,0.10746753960847855,1847076.54,71517242.88
2018-01-05 00:00:00,sell,SH600426,11.54,165976.754079032,165976.754079032,0.6615719795227051,1915009.1,73429379.46
2018-01-05 00:00:00,buy,SZ002709,6.34,305130.40751196217,305130.40751196217,0.12781420350074768,1935570.05,71492841.63
2018-01-05 00:00:00,buy,SH600545,9.2,210570.8570627814,210570.8570627814,0.880463719367981,1937429.97,69554442.95
2018-01-05 00:00:00,buy,SZ002745,1.58,1226990.6345745781,1226990.6345745781,0.03276308625936508,1933619.9,67619856.23
2018-01-05 00:00:00,buy,SH600138,8.33,232411.5343410394,232411.5343410394,0.38853493332862854,1936934.93,65681952.84
2018-01-08 00:00:00,sell,SH601233,2.04,1068846.6172542828,1068846.6172542828,0.07222969084978104,2179425.43,67858109.13
2018-01-08 00:00:00,sell,SZ002745,1.57,1226990.6345745781,1226990.6345745781,0.03276405110955238,1929656.75,69784871.4
2018-01-08 00:00:00,sell,SZ002093,4.77,394540.0689157789,394540.0689157789,0.4988105595111847,1881415.24,71663464.52
2018-01-08 00:00:00,sell,SZ002709,6.38,305130.40751196217,305130.40751196217,0.12780913710594177,1946802.75,73607347.06
2018-01-08 00:00:00,sell,SZ000656,9.17,222424.5327064508,222424.5327064508,1.7672842741012573,2040123.4,75644410.28
2018-01-08 00:00:00,buy,SH600392,13.55,143295.57748183428,143295.57748183428,0.6832032203674316,1941357.05,73702082.55
2018-01-08 00:00:00,buy,SH600600,6.04,321394.47601506155,321394.47601506155,0.14374858140945435,1941324.08,71759787.81
2018-01-08 00:00:00,buy,SZ000807,11.23,172866.55189271944,172866.55189271944,1.0268036127090454,1941850.0,69816966.88
2018-01-08 00:00:00,buy,SZ002573,3.9,498095.49596496916,498095.49596496916,0.18129053711891174,1941450.01,67874546.15
2018-01-08 00:00:00,buy,SH600970,7.07,274704.1198607882,274704.1198607882,0.6654432415962219,1941336.09,65932239.39
2018-01-08 00:00:00,buy,SZ002128,1.11,1751747.7988118436,1751747.7988118436,0.09424872696399689,1941576.05,63989692.55
2018-01-09 00:00:00,sell,SH600138,8.54,232411.5343410394,232411.5343410394,0.3885433077812195,1983933.63,65970650.28
2018-01-09 00:00:00,sell,SH601001,1.3,1538272.7520431164,1538272.7520431164,0.1944480538368225,1998082.48,67965735.63
2018-01-09 00:00:00,sell,SH600600,6.12,321394.47601506155,321394.47601506155,0.14374427497386932,1966675.01,69929460.63
2018-01-09 00:00:00,sell,SH600970,6.93,274704.1198607882,274704.1198607882,0.665448009967804,1902961.64,71829567.83
2018-01-09 00:00:00,sell,SZ000513,21.83,90977.78146327754,90977.78146327754,0.3011761009693146,1985702.07,73812291.35
2018-01-09 00:00:00,buy,SH600388,17.06,114070.80171787174,114070.80171787174,1.0204188823699951,1946207.95,71865110.29
2018-01-09 00:00:00,buy,SZ000066,2.82,689702.5389046316,689702.5389046316,0.39654776453971863,1947319.98,69916816.66
2018-01-09 00:00:00,buy,SZ300297,2.69,724513.4531460528,724513.4531460528,0.2868131697177887,1947086.03,67968757.09
2018-01-10 00:00:00,sell,SZ002311,3.95,470482.32085052563,470482.32085052563,0.17705050110816956,1857570.52,69823541.25
2018-01-10 00:00:00,sell,SZ002050,19.8,97330.27393276739,97330.27393276739,0.9780844449996948,1926791.83,71747442.89
2018-01-10 00:00:00,sell,SZ300182,4.22,470569.9261278989,470569.9261278989,0.456682413816452,1983536.23,73728003.81
2018-01-10 00:00:00,sell,SZ002032,32.23,57154.72739792068,57154.72739792068,0.8083158135414124,1841956.86,75567197.74
2018-01-10 00:00:00,sell,SH600392,14.33,143295.57748183428,143295.57748183428,0.683204710483551,2053946.42,77618063.24
2018-01-10 00:00:00,buy,SH600525,16.89,114772.78290855416,114772.78290855416,0.998494565486908,1939031.93,75678061.79
2018-01-10 00:00:00,buy,SH600176,27.24,71180.54567299208,71180.54567299208,1.553795337677002,1938817.94,73738274.45
2018-01-10 00:00:00,buy,SH600183,7.94,244058.0708659605,244058.0708659605,0.4531708359718323,1938817.97,71798487.07
2018-01-10 00:00:00,buy,SH600409,11.58,167570.5862942149,167570.5862942149,1.1451890468597412,1940108.93,69857408.08
2018-01-10 00:00:00,buy,SZ300115,3.44,564285.65429922,564285.65429922,0.171898752450943,1940000.07,67916438.02
2018-01-10 00:00:00,buy,SH603225,1.03,1882580.0466374953,1882580.0466374953,0.026028109714388847,1938930.15,65976538.4
2018-01-10 00:00:00,buy,SZ002709,6.09,318431.4834755123,318431.4834755123,0.12781399488449097,1937727.11,64037842.43
2018-01-11 00:00:00,sell,SH600525,17.1,114772.78290855416,114772.78290855416,0.9985218048095703,1963151.62,65998049.33
2018-01-11 00:00:00,sell,SH600366,10.0,194079.0494046563,194079.0494046563,0.5611172318458557,1940617.44,67935755.84
2018-01-11 00:00:00,sell,SZ000807,11.25,172866.55189271944,172866.55189271944,1.0268771648406982,1945539.2,69878376.74
2018-01-11 00:00:00,sell,SH600545,9.09,210570.8570627814,210570.8570627814,0.8804923295974731,1913390.08,71788896.73
2018-01-11 00:00:00,buy,SZ002092,3.58,528288.488160906,528288.488160906,0.24115611612796783,1893163.94,69894786.21
2018-01-11 00:00:00,buy,SZ000777,9.27,204416.618609678,204416.618609678,0.5845904350280762,1894075.02,67999764.14
2018-01-11 00:00:00,buy,SH601233,1.91,989926.9391301082,989926.9391301082,0.07222755253314972,1891890.0,66106928.2
2018-01-11 00:00:00,buy,SZ000488,4.64,407742.1103916015,407742.1103916015,0.26242077350616455,1892829.95,64213151.84
2018-01-11 00:00:00,buy,SZ002064,6.13,309225.43421526346,309225.43421526346,1.1916872262954712,1894089.98,62318114.81
2018-01-11 00:00:00,buy,SZ002271,26.69,70917.45376136673,70917.45376136673,0.6387708187103271,1892633.89,60424534.6
2018-01-11 00:00:00,buy,SH600516,34.47,54947.148840171074,54947.148840171074,1.0391803979873657,1894006.91,58529580.69
2018-01-12 00:00:00,sell,SZ000021,3.39,633456.379595196,633456.379595196,0.30294492840766907,2149306.85,60675663.58
2018-01-12 00:00:00,sell,SZ300297,2.69,724513.4531460528,724513.4531460528,0.28682124614715576,1951297.02,62624033.66
2018-01-12 00:00:00,sell,SH600885,17.14,115115.77532011112,115115.77532011112,0.37873461842536926,1972824.35,64593898.78
2018-01-12 00:00:00,sell,SZ002128,1.05,1751747.7988118436,1751747.7988118436,0.09423639625310898,1835671.9,66426817.17
2018-01-12 00:00:00,sell,SH603225,1.02,1882580.0466374953,1882580.0466374953,0.026028109714388847,1922759.94,68346692.97
2018-01-12 00:00:00,buy,SH600438,16.77,117241.24315319906,117241.24315319906,1.357030987739563,1966476.05,66379233.68
2018-01-12 00:00:00,buy,SH600216,14.87,132253.9517984515,132253.9517984515,0.8975157141685486,1966859.04,64411391.21
2018-01-15 00:00:00,sell,SH600216,14.03,132253.9517984515,132253.9517984515,0.8975355625152588,1855322.11,66263930.34
2018-01-15 00:00:00,sell,SH601233,1.87,989926.9391301082,989926.9391301082,0.0722278580069542,1852572.76,68113724.24
2018-01-15 00:00:00,sell,SH600516,32.34,54947.148840171074,54947.148840171074,1.0391664505004883,1776928.13,69887986.98
2018-01-15 00:00:00,sell,SZ000066,2.8,689702.5389046316,689702.5389046316,0.39656540751457214,1933730.99,71818817.37
2018-01-15 00:00:00,sell,SH600438,16.27,117241.24315319906,117241.24315319906,1.3570448160171509,1907628.46,73723584.39
2018-01-15 00:00:00,buy,SZ300002,1.15,1689188.8124251429,1689188.8124251429,0.14918403327465057,1945440.0,71777171.67
2018-01-15 00:00:00,buy,SZ000636,3.83,508329.2289544826,508329.2289544826,0.3259698450565338,1945317.98,69830881.03
2018-01-15 00:00:00,buy,SH600141,8.84,219891.0491242228,219891.0491242228,0.4861498475074768,1944510.9,67885397.88
2018-01-15 00:00:00,buy,SZ000807,10.3,188839.543581091,188839.543581091,1.0267976522445679,1944817.0,65939608.47
2018-01-15 00:00:00,buy,SZ002371,2.66,730777.9478636987,730777.9478636987,0.08032535761594772,1942383.04,63996254.24
2018-01-16 00:00:00,sell,SH600409,11.06,167570.5862942149,167570.5862942149,1.1453198194503784,1853965.83,65847439.12
2018-01-16 00:00:00,sell,SZ300002,1.12,1689188.8124251429,1689188.8124251429,0.1491895467042923,1885029.7,67729641.27
2018-01-16 00:00:00,sell,SZ002573,3.68,498095.49596496916,498095.49596496916,0.18128842115402222,1833068.65,69559960.32
2018-01-16 00:00:00,sell,SH600183,7.39,244058.0708659605,244058.0708659605,0.45317167043685913,1802783.32,71360039.47
2018-01-16 00:00:00,sell,SH600141,8.83,219891.0491242228,219891.0491242228,0.4861828088760376,1942504.66,73299630.37
2018-01-16 00:00:00,buy,SZ300291,1.65,1170317.251771275,1170317.251771275,0.14619967341423035,1933430.03,71365233.62
2018-01-16 00:00:00,buy,SZ000690,17.46,110758.94780736267,110758.94780736267,1.9402495622634888,1934099.99,69430166.58
2018-01-16 00:00:00,buy,SH600179,9.95,194189.79344137377,194189.79344137377,0.37077128887176514,1932479.9,67496720.44
2018-01-16 00:00:00,buy,SH600565,4.54,426220.2821382129,426220.2821382129,0.9842328429222107,1933895.02,65561858.47
2018-01-16 00:00:00,buy,SH600516,32.67,59180.60314730137,59180.60314730137,1.0391918420791626,1933560.01,63627331.68
2018-01-16 00:00:00,buy,SH600970,6.52,296496.3383228231,296496.3383228231,0.6654382348060608,1933539.97,61692824.95
2018-01-16 00:00:00,buy,SH601678,1.2,1616182.4038289427,1616182.4038289427,0.13519513607025146,1933724.97,59758133.11
2018-01-17 00:00:00,sell,SH600565,4.4,426220.2821382129,426220.2821382129,0.9841731190681458,1875051.22,61630371.75
2018-01-17 00:00:00,sell,SZ000937,3.25,572208.8119707612,572208.8119707612,0.5407024621963501,1859462.27,63487044.83
2018-01-17 00:00:00,sell,SZ000488,4.7,407742.1103916015,407742.1103916015,0.2624049782752991,1916254.66,65400425.1
2018-01-17 00:00:00,sell,SZ300291,1.57,1170317.251771275,1170317.251771275,0.14619441330432892,1840969.81,67238633.46
2018-01-17 00:00:00,buy,SZ300058,2.78,675959.2534292953,675959.2534292953,0.46940699219703674,1878416.02,65359278.24
2018-01-17 00:00:00,buy,SH600673,9.56,196486.62026823737,196486.62026823737,1.2285823822021484,1878091.93,63480247.26
2018-01-17 00:00:00,buy,SH600266,6.82,275473.06389627774,275473.06389627774,0.47881269454956055,1878255.96,61601052.17
2018-01-17 00:00:00,buy,SH600392,12.68,148129.55200050952,148129.55200050952,0.6831857562065125,1878272.03,59721841.01
2018-01-17 00:00:00,buy,SH600183,7.56,248482.12100635076,248482.12100635076,0.45315131545066833,1878167.94,57842733.98
2018-01-18 00:00:00,sell,SH600673,9.55,196486.62026823737,196486.62026823737,1.2285330295562744,1875602.53,59715523.11
2018-01-18 00:00:00,sell,SZ002064,6.03,309225.43421526346,309225.43421526346,1.1915833950042725,1864447.48,61577173.92
2018-01-18 00:00:00,sell,SZ000777,9.37,204416.618609678,204416.618609678,0.5845619440078735,1915491.69,63489792.37
2018-01-18 00:00:00,sell,SH600176,26.35,71180.54567299208,71180.54567299208,1.5537967681884766,1875777.79,65362756.5
2018-01-18 00:00:00,sell,SZ300115,3.24,564285.65429922,564285.65429922,0.17190006375312805,1827493.91,67187509.17
2018-01-18 00:00:00,buy,SZ000806,4.14,466703.25655445363,466703.25655445363,0.3824700117111206,1933155.08,65253387.51
2018-01-18 00:00:00,buy,SH600216,14.16,136587.30608364957,136587.30608364957,0.8975943922996521,1933402.01,63319018.8
2018-01-18 00:00:00,buy,SH600823,4.84,399694.72235388594,399694.72235388594,0.8158726692199707,1933772.93,61384278.99
2018-01-18 00:00:00,buy,SH600138,8.53,226482.16703852627,226482.16703852627,0.3885515630245209,1932480.1,59450832.65
2018-01-19 00:00:00,sell,SH600970,6.54,296496.3383228231,296496.3383228231,0.6654292941093445,1939432.85,61387356.34
2018-01-19 00:00:00,sell,SZ002092,3.54,528288.488160906,528288.488160906,0.2411666363477707,1867765.49,63252320.18
2018-01-19 00:00:00,sell,SH600823,4.81,399694.72235388594,399694.72235388594,0.8158727884292603,1920729.38,65170168.47
2018-01-19 00:00:00,buy,SH600171,2.38,765894.6911239275,765894.6911239275,0.17247802019119263,1820338.01,63348920.29
2018-01-19 00:00:00,buy,SZ002049,24.87,73195.26684124733,73195.26684124733,0.6284559369087219,1820680.05,61527329.9
2018-01-19 00:00:00,buy,SZ002273,3.37,540954.9587736725,540954.9587736725,0.15934783220291138,1820544.05,59705875.58
2018-01-19 00:00:00,buy,SZ300115,3.24,561952.9062679952,561952.9062679952,0.17190052568912506,1820909.9,57884055.22
2018-01-22 00:00:00,sell,SH600266,6.71,275473.06389627774,275473.06389627774,0.47875210642814636,1847685.13,59728968.83
2018-01-22 00:00:00,sell,SH600183,7.6,248482.12100635076,248482.12100635076,0.4531761705875397,1888405.56,61614541.78
2018-01-22 00:00:00,sell,SZ000806,3.59,466703.25655445363,466703.25655445363,0.3824620842933655,1674295.31,63286325.65
2018-01-22 00:00:00,sell,SZ000636,3.69,508329.2289544826,508329.2289544826,0.32596659660339355,1875705.31,65159217.4
2018-01-22 00:00:00,sell,SZ002709,5.72,318431.4834755123,318431.4834755123,0.1278134435415268,1820503.16,66976989.81
2018-01-22 00:00:00,buy,SH600366,10.14,190162.92678542956,190162.92678542956,0.5610978007316589,1928068.98,65047956.8
2018-01-22 00:00:00,buy,SH600565,4.41,437270.7519829783,437270.7519829783,0.9840584993362427,1927744.06,63119248.87
2018-01-22 00:00:00,buy,SH600754,9.27,207716.04986037198,207716.04986037198,0.2407132238149643,1925999.93,61192285.93
2018-01-22 00:00:00,buy,SH600872,18.66,103251.13540668279,103251.13540668279,0.6886122822761536,1926809.93,59264512.59
2018-01-23 00:00:00,sell,SH601678,1.18,1616182.4038289427,1616182.4038289427,0.1351916342973709,1911825.44,61173470.29
2018-01-23 00:00:00,sell,SH600216,14.48,136587.30608364957,136587.30608364957,0.8975727558135986,1977490.26,63147994.32
2018-01-23 00:00:00,sell,SZ002371,2.72,730777.9478636987,730777.9478636987,0.08032967895269394,1989449.99,65134460.13
2018-01-23 00:00:00,sell,SH600516,32.99,59180.60314730137,59180.60314730137,1.0391960144042969,1952633.01,67084164.19
2018-01-23 00:00:00,sell,SH600392,13.22,148129.55200050952,148129.55200050952,0.6831891536712646,1958229.77,69039456.62
2018-01-23 00:00:00,buy,SH600282,3.0,643156.52636203,643156.52636203,0.5679799318313599,1928783.84,67109708.39
2018-01-23 00:00:00,buy,SH600201,28.9,66748.21856919889,66748.21856919889,0.9363545775413513,1928749.9,65179994.11
2018-01-23 00:00:00,buy,SH603568,2.15,898254.3385170035,898254.3385170035,0.09384869784116745,1928784.07,63250245.66
2018-01-23 00:00:00,buy,SH600657,4.62,417457.68593355006,417457.68593355006,0.7174379825592041,1928780.07,61320501.2
2018-01-24 00:00:00,sell,SH600138,9.22,226482.16703852627,226482.16703852627,0.3885377049446106,2088165.64,63405534.59
2018-01-24 00:00:00,sell,SH600657,4.58,417457.68593355006,417457.68593355006,0.7174087166786194,1910732.15,65313400.65
2018-01-24 00:00:00,sell,SZ002049,26.96,73195.26684124733,73195.26684124733,0.6284715533256531,1973448.89,67283889.37
2018-01-24 00:00:00,sell,SH600366,9.95,190162.92678542956,190162.92678542956,0.56110018491745,1891799.18,69172850.85
2018-01-24 00:00:00,sell,SZ002271,25.7,70917.45376136673,70917.45376136673,0.6387732625007629,1822426.04,70992543.25
2018-01-24 00:00:00,buy,SH600060,9.26,208015.452392029,208015.452392029,0.5586123466491699,1925433.99,69066146.55
2018-01-24 00:00:00,buy,SH600759,5.48,351688.7378097251,351688.7378097251,1.2337614297866821,1926515.91,67138667.37
2018-01-24 00:00:00,buy,SH603444,2.55,750431.8791580636,750431.8791580636,0.013059146702289581,1911979.91,65225731.47
2018-01-24 00:00:00,buy,SZ000426,10.93,176157.20363808572,176157.20363808572,1.0189762115478516,1926035.0,63298733.46
2018-01-24 00:00:00,buy,SH603515,2.17,885402.9248152289,885402.9248152289,0.04687131568789482,1922695.06,61375077.05
2018-01-25 00:00:00,sell,SH600179,9.54,194189.79344137377,194189.79344137377,0.3707541525363922,1851754.47,63224053.89
2018-01-25 00:00:00,sell,SH603515,2.16,885402.9248152289,885402.9248152289,0.046873968094587326,1909523.06,65130712.67
2018-01-25 00:00:00,sell,SH600872,19.26,103251.13540668279,103251.13540668279,0.6886220574378967,1988695.27,67116424.9
2018-01-25 00:00:00,sell,SH603568,2.09,898254.3385170035,898254.3385170035,0.09384757280349731,1875652.55,68989263.97
2018-01-25 00:00:00,sell,SZ000690,17.31,110758.94780736267,110758.94780736267,1.940286636352539,1916944.74,70903333.29
2018-01-25 00:00:00,buy,SZ002285,6.11,314967.71082611463,314967.71082611463,0.535927951335907,1924319.99,68978051.15
2018-01-25 00:00:00,buy,SZ000848,18.04,106613.46693998587,106613.46693998587,1.7586896419525146,1923749.94,67053339.33
2018-01-25 00:00:00,buy,SH600216,13.88,138605.56112891887,138605.56112891887,0.8975108861923218,1924468.06,65127909.04
2018-01-25 00:00:00,buy,SZ300182,4.55,422613.0540208799,422613.0540208799,0.4566825330257416,1924210.02,63202736.92
2018-01-25 00:00:00,buy,SH600823,4.75,405221.1535534993,405221.1535534993,0.8158507943153381,1924092.12,61277682.75
2018-01-25 00:00:00,buy,SH603369,1.83,1053470.0503174625,1053470.0503174625,0.10631531476974487,1924159.97,59352560.7
2018-01-26 00:00:00,sell,SH600565,4.5,437270.7519829783,437270.7519829783,0.984070360660553,1966494.66,61316105.62
2018-01-26 00:00:00,sell,SH600388,15.77,114070.80171787174,114070.80171787174,1.0204312801361084,1798401.94,63111809.96
2018-01-26 00:00:00,sell,SH600759,5.45,351688.7378097251,351688.7378097251,1.2337191104888916,1917772.29,65026705.6
2018-01-26 00:00:00,sell,SH600171,2.4,765894.6911239275,765894.6911239275,0.17251034080982208,1837855.35,66861804.16
2018-01-26 00:00:00,buy,SZ000681,7.81,239045.1040525355,239045.1040525355,0.37356966733932495,1866370.04,64994500.93
2018-01-26 00:00:00,buy,SZ300257,1.33,1403340.8811647564,1403340.8811647564,0.08159101009368896,1867495.03,63126072.16
2018-01-26 00:00:00,buy,SZ300291,1.9,980186.6287041879,980186.6287041879,0.146196648478508,1867198.95,61257939.62
2018-01-26 00:00:00,buy,SZ300146,3.01,619784.3034565821,619784.3034565821,0.18038533627986908,1868178.06,59388827.46
2018-01-26 00:00:00,buy,SH600298,28.85,64751.44305799454,64751.44305799454,0.8710230588912964,1867968.0,57519925.48
2018-01-29 00:00:00,sell,SZ300058,3.55,675959.2534292953,675959.2534292953,0.46942228078842163,2402039.38,59918361.79
2018-01-29 00:00:00,sell,SZ300182,4.56,422613.0540208799,422613.0540208799,0.45669180154800415,1928109.19,61843578.81
2018-01-29 00:00:00,sell,SZ300291,1.86,980186.6287041879,980186.6287041879,0.14620181918144226,1821407.4,63662254.11
2018-01-29 00:00:00,sell,SH600823,4.86,405221.1535534993,405221.1535534993,0.8158507943153381,1970375.96,65629674.5
2018-01-29 00:00:00,sell,SZ300257,1.35,1403340.8811647564,1403340.8811647564,0.08159688115119934,1893966.19,67520799.74
2018-01-29 00:00:00,buy,SZ000592,12.43,156389.0437229407,156389.0437229407,2.292999505996704,1943612.05,65576215.88
2018-01-29 00:00:00,buy,SH600808,1.88,1031441.1833417354,1031441.1833417354,0.416892409324646,1943600.07,63631644.01
2018-01-29 00:00:00,buy,SZ002491,2.71,717756.5669794697,717756.5669794697,0.2181798219680786,1943405.98,61687266.33
2018-01-30 00:00:00,sell,SZ002285,5.9,314967.71082611463,314967.71082611463,0.5359333157539368,1856818.6,63541299.71
2018-01-30 00:00:00,sell,SZ000681,7.71,239045.1040525355,239045.1040525355,0.3735783100128174,1844087.68,65382621.26
2018-01-30 00:00:00,sell,SH600808,1.83,1031441.1833417354,1031441.1833417354,0.41727498173713684,1885128.31,67264921.87
2018-01-30 00:00:00,sell,SZ000592,12.02,156389.0437229407,156389.0437229407,2.293508768081665,1879481.24,69141583.89
2018-01-30 00:00:00,sell,SZ300146,3.05,619784.3034565821,619784.3034565821,0.1803833544254303,1892753.23,71031497.98
2018-01-30 00:00:00,buy,SZ000825,4.51,426945.921980647,426945.921980647,0.7340508103370667,1927409.97,69103124.31
2018-01-30 00:00:00,buy,SH600466,9.56,201544.12890070118,201544.12890070118,0.7953593134880066,1926805.97,67175354.94
2018-01-30 00:00:00,buy,SZ002063,4.56,422934.6599692237,422934.6599692237,0.4161399304866791,1927199.97,65247191.36
2018-01-30 00:00:00,buy,SZ300291,1.87,1028046.8056025677,1028046.8056025677,0.146199569106102,1926846.07,63319381.87
2018-01-30 00:00:00,buy,SH600392,11.67,165105.08351134576,165105.08351134576,0.683201253414154,1926624.08,61391794.48
2018-01-31 00:00:00,sell,SZ000825,4.66,426945.921980647,426945.921980647,0.7339769601821899,1989889.8,63378699.44
2018-01-31 00:00:00,sell,SZ002491,2.64,717756.5669794697,717756.5669794697,0.21817992627620697,1893294.83,65269154.33
2018-01-31 00:00:00,sell,SH600298,28.34,64751.44305799454,64751.44305799454,0.8710294961929321,1835269.57,67101671.0
2018-01-31 00:00:00,sell,SH600201,28.16,66748.21856919889,66748.21856919889,0.936339795589447,1879345.28,68978197.26
2018-01-31 00:00:00,sell,SH600392,10.89,165105.08351134576,165105.08351134576,0.6831676363945007,1797943.56,70773443.9
2018-01-31 00:00:00,buy,SZ000732,15.86,121042.68932603298,121042.68932603298,0.451906681060791,1919970.08,68852513.84
2018-01-31 00:00:00,buy,SZ002032,35.24,54433.723951804386,54433.723951804386,0.8083224296569824,1918400.05,66933154.59
2018-01-31 00:00:00,buy,SZ000729,2.84,675135.8212008665,675135.8212008665,0.37977543473243713,1920435.96,65011758.41
2018-01-31 00:00:00,buy,SZ002439,5.47,351119.6338776149,351119.6338776149,0.25489887595176697,1919775.13,63091023.39
2018-01-31 00:00:00,buy,SH600970,7.28,263733.7991756397,263733.7991756397,0.6654437184333801,1919970.04,61170093.37
2018-01-31 00:00:00,buy,SZ300088,3.2,599941.5673113624,599941.5673113624,0.4502105116844177,1920410.94,59248722.22
2018-02-01 00:00:00,sell,SZ002273,3.18,540954.9587736725,540954.9587736725,0.1593460589647293,1720532.8,60966674.22
2018-02-01 00:00:00,sell,SH600282,3.09,643156.52636203,643156.52636203,0.5681283473968506,1987751.38,62951443.97
2018-02-01 00:00:00,sell,SH600970,6.97,263733.7991756397,263733.7991756397,0.6654311418533325,1837450.36,64786138.15
2018-02-01 00:00:00,sell,SZ300088,3.03,599941.5673113624,599941.5673113624,0.45019733905792236,1820420.77,66603828.3
2018-02-01 00:00:00,sell,SZ000426,11.59,176157.20363808572,176157.20363808572,1.018997311592102,2040957.1,68641723.97
2018-02-01 00:00:00,buy,SH600392,10.5,182521.3327313612,182521.3327313612,0.6832078099250793,1916639.01,66724126.64
2018-02-01 00:00:00,buy,SH603019,9.98,192024.29867848032,192024.29867848032,0.2640290856361389,1916967.0,64806201.16
2018-02-01 00:00:00,buy,SZ000878,4.51,424800.1162539101,424800.1162539101,0.34392645955085754,1916832.05,62888410.69
2018-02-01 00:00:00,buy,SZ300253,5.05,379632.354522008,379632.354522008,0.6274491548538208,1917510.03,60969941.9
2018-02-01 00:00:00,buy,SH600460,8.28,231544.30495363215,231544.30495363215,0.6400502920150757,1917708.13,59051274.91
2018-02-01 00:00:00,buy,SH600917,1.97,972030.4364075774,972030.4364075774,0.22159799933433533,1917060.01,57133256.36
2018-02-02 00:00:00,sell,SH600754,8.95,207716.04986037198,207716.04986037198,0.2407194972038269,1858548.52,58989017.06
2018-02-02 00:00:00,sell,SZ300253,5.29,379632.354522008,379632.354522008,0.6274619698524475,2008067.06,60994072.02
2018-02-02 00:00:00,sell,SH603444,2.33,750431.8791580636,750431.8791580636,0.013059016317129135,1748498.53,62739947.8
2018-02-02 00:00:00,sell,SZ000807,9.43,188839.543581091,188839.543581091,1.0268877744674683,1780158.15,64517435.71
2018-02-02 00:00:00,sell,SZ000878,4.89,424800.1162539101,424800.1162539101,0.3439095616340637,2077440.03,66591759.58
2018-02-02 00:00:00,buy,SZ000960,5.71,335518.47328984685,335518.47328984685,0.34781989455223083,1916213.98,64674587.49
2018-02-02 00:00:00,buy,SZ300133,2.89,663655.2310381752,663655.2310381752,0.23385636508464813,1916720.02,62756909.11
2018-02-02 00:00:00,buy,SZ300113,3.25,588443.2979643247,588443.2979643247,0.16127297282218933,1915081.93,60840869.64
2018-02-02 00:00:00,buy,SZ002001,45.18,42363.00517923475,42363.00517923475,1.163751244544983,1913826.13,58926086.59
2018-02-02 00:00:00,buy,SZ300257,1.25,1529589.916875257,1529589.916875257,0.08159049600362778,1916927.93,57008200.2
2018-02-02 00:00:00,buy,SZ000426,12.29,155938.00607327116,155938.00607327116,1.018994688987732,1916334.13,55090907.89
2018-02-05 00:00:00,sell,SZ000729,2.96,675135.8212008665,675135.8212008665,0.3797683119773865,1999882.45,57087790.52
2018-02-05 00:00:00,sell,SZ002032,35.73,54433.723951804386,54433.723951804386,0.8083387017250061,1944839.27,59029712.53
2018-02-05 00:00:00,sell,SZ000426,12.22,155938.00607327116,155938.00607327116,1.019004464149475,1905229.36,60932084.05
2018-02-05 00:00:00,sell,SZ300133,2.83,663655.2310381752,663655.2310381752,0.23385216295719147,1876334.29,62805603.83
2018-02-05 00:00:00,sell,SZ000960,5.8,335518.47328984685,335518.47328984685,0.3477824330329895,1945179.59,64747865.65
2018-02-05 00:00:00,buy,SH600380,6.52,294850.06869306444,294850.06869306444,0.5423095226287842,1921997.98,62824906.67
2018-02-05 00:00:00,buy,SZ300182,4.49,428078.125550605,428078.125550605,0.45669233798980713,1921765.11,60902180.68
2018-02-05 00:00:00,buy,SZ000596,32.63,58763.77085037671,58763.77085037671,0.5394480228424072,1917216.0,58984006.07
2018-02-06 00:00:00,sell,SH600216,12.7,138605.56112891887,138605.56112891887,0.89759361743927,1760422.26,60741787.69
2018-02-06 00:00:00,sell,SH603369,1.61,1053470.0503174625,1053470.0503174625,0.10631882399320602,1691255.85,62430506.66
2018-02-06 00:00:00,sell,SZ300115,2.87,561952.9062679952,561952.9062679952,0.17190222442150116,1613235.92,64041322.73
2018-02-06 00:00:00,sell,SZ300257,1.29,1529589.916875257,1529589.916875257,0.08159417659044266,1970680.88,66009047.59
2018-02-06 00:00:00,buy,SZ000758,5.38,342782.87114892434,342782.87114892434,0.8366812467575073,1844123.99,64164001.54
2018-02-06 00:00:00,buy,SZ002707,4.13,446113.90098489274,446113.90098489274,0.3591011166572571,1843902.09,62319177.5
2018-02-06 00:00:00,buy,SZ002588,2.12,867980.3562818748,867980.3562818748,0.29966115951538086,1844108.94,60474146.51
2018-02-06 00:00:00,buy,SZ000528,5.62,328233.2087628725,328233.2087628725,0.6525847911834717,1844261.94,58628962.44
2018-02-06 00:00:00,buy,SZ000937,3.21,574248.0420126197,574248.0420126197,0.5407071113586426,1844370.05,56783670.2
2018-02-07 00:00:00,sell,SH600460,8.53,231544.30495363215,231544.30495363215,0.6400556564331055,1974040.54,58754749.67
2018-02-07 00:00:00,sell,SH603019,9.19,192024.29867848032,192024.29867848032,0.2640124559402466,1765262.68,60517364.46
2018-02-07 00:00:00,sell,SZ300291,1.5,1028046.8056025677,1028046.8056025677,0.14619697630405426,1543553.71,62058602.84
2018-02-07 00:00:00,sell,SZ000528,5.7,328233.2087628725,328233.2087628725,0.6525071263313293,1869743.48,63925541.7
2018-02-07 00:00:00,sell,SH600380,6.11,294850.06869306444,294850.06869306444,0.5423179864883423,1802101.12,65724939.67
2018-02-07 00:00:00,buy,SH600521,10.03,188532.0916953193,188532.0916953193,0.4041752219200134,1891283.92,63832710.11
2018-02-07 00:00:00,buy,SH600183,6.93,272973.3903567471,272973.3903567471,0.4531577229499817,1891372.98,61940391.44
2018-02-07 00:00:00,buy,SH600823,4.32,438302.2792618064,438302.2792618064,0.8158752918243408,1891704.06,60047741.53
2018-02-08 00:00:00,sell,SZ002707,4.26,446113.90098489274,446113.90098489274,0.3591141402721405,1898438.91,61943332.78
2018-02-08 00:00:00,sell,SZ000937,3.24,574248.0420126197,574248.0420126197,0.54061359167099,1859573.24,63800116.66
2018-02-08 00:00:00,sell,SZ002588,2.19,867980.3562818748,867980.3562818748,0.29965800046920776,1903911.84,65701172.64
2018-02-08 00:00:00,sell,SZ300113,3.46,588443.2979643247,588443.2979643247,0.16127058863639832,2038421.87,67736536.88
2018-02-08 00:00:00,sell,SZ000596,33.53,58763.77085037671,58763.77085037671,0.5394312143325806,1970410.59,69703991.85
2018-02-08 00:00:00,buy,SH601233,1.74,1089547.8264816105,1089547.8264816105,0.07223179936408997,1891947.87,67811098.0
2018-02-08 00:00:00,buy,SH603355,1.2,1577946.6377989831,1577946.6377989831,0.03688337653875351,1889171.98,65920981.43
2018-02-08 00:00:00,buy,SZ000825,4.65,407073.84244548716,407073.84244548716,0.7340191602706909,1891404.02,64028631.71
2018-02-08 00:00:00,buy,SH600125,5.78,327346.6815508349,327346.6815508349,0.6928434371948242,1891511.95,62136174.01
2018-02-08 00:00:00,buy,SZ002583,3.69,512941.1788670552,512941.1788670552,0.3183600902557373,1891013.95,60244214.55
2018-02-08 00:00:00,buy,SH600516,27.87,67841.27260532172,67841.27260532172,1.039190411567688,1890809.95,58352459.19
2018-02-09 00:00:00,sell,SZ000825,4.26,407073.84244548716,407073.84244548716,0.7340734601020813,1736156.49,60086011.45
2018-02-09 00:00:00,sell,SH601233,1.57,1089547.8264816105,1089547.8264816105,0.07223627716302872,1712618.03,61796060.55
2018-02-09 00:00:00,sell,SZ300182,4.02,428078.125550605,428078.125550605,0.45669305324554443,1720402.74,63513882.68
2018-02-09 00:00:00,sell,SZ002583,3.57,512941.1788670552,512941.1788670552,0.3183760643005371,1829051.75,65340190.85
2018-02-09 00:00:00,sell,SH600516,27.58,67841.27260532172,67841.27260532172,1.0391902923583984,1871069.8,67208454.04
2018-02-09 00:00:00,buy,SH600325,8.73,215085.9732652296,215085.9732652296,1.1762738227844238,1877260.05,65330255.36
2018-02-09 00:00:00,buy,SH603816,1.72,1090053.9379062972,1090053.9379062972,0.028530698269605637,1871909.02,63457410.39
2018-02-12 00:00:00,sell,SZ000758,5.05,342782.87114892434,342782.87114892434,0.8367282152175903,1732369.19,65187181.02
2018-02-12 00:00:00,sell,SZ002439,5.39,351119.6338776149,351119.6338776149,0.25490090250968933,1893835.18,67078175.45
2018-02-12 00:00:00,sell,SZ000848,16.14,106613.46693998587,106613.46693998587,1.7586698532104492,1721230.55,68796824.16
2018-02-12 00:00:00,sell,SH600060,8.65,208015.452392029,208015.452392029,0.5585818290710449,1799839.85,70593964.24
2018-02-12 00:00:00,sell,SH600183,7.16,272973.3903567471,272973.3903567471,0.45315930247306824,1953229.84,72544264.24
2018-02-12 00:00:00,buy,SH601233,1.69,1104728.0332749747,1104728.0332749747,0.07223497331142426,1862532.08,70680800.89
2018-02-12 00:00:00,buy,SH600176,23.09,80637.66286452532,80637.66286452532,1.5538644790649414,1861957.95,68817911.97
2018-02-12 00:00:00,buy,SZ000712,15.5,120166.74894741461,120166.74894741461,1.1858521699905396,1862474.94,66954505.79
2018-02-12 00:00:00,buy,SH600536,3.63,512264.60683248803,512264.60683248803,0.3090199828147888,1861607.96,65091967.03
2018-02-12 00:00:00,buy,SZ000825,4.39,424268.5465063305,424268.5465063305,0.7339690923690796,1862172.08,63228863.86
2018-02-12 00:00:00,buy,SZ300274,2.89,643467.4475506856,643467.4475506856,0.19161808490753174,1861830.01,61366102.94
2018-02-12 00:00:00,buy,SH601002,0.96,1945076.6945653318,1945076.6945653318,0.1196867972612381,1862400.0,59502771.74
2018-02-13 00:00:00,sell,SH600125,5.81,327346.6815508349,327346.6815508349,0.6928479075431824,1902864.3,61402781.74
2018-02-13 00:00:00,sell,SZ002001,44.78,42363.00517923475,42363.00517923475,1.1637483835220337,1897059.44,63296995.59
2018-02-13 00:00:00,sell,SH601233,1.75,1104728.0332749747,1104728.0332749747,0.07222915440797806,1930206.38,65224306.66
2018-02-13 00:00:00,sell,SH600521,10.71,188532.0916953193,188532.0916953193,0.4041665196418762,2020018.55,67241295.18
2018-02-13 00:00:00,sell,SZ000712,15.68,120166.74894741461,120166.74894741461,1.1858552694320679,1883855.05,69122324.44
2018-02-13 00:00:00,buy,SZ000816,6.06,309725.78535203467,309725.78535203467,1.3925220966339111,1876155.05,67245231.32
2018-02-14 00:00:00,sell,SZ002063,3.84,422934.6599692237,422934.6599692237,0.41611817479133606,1626154.94,68868947.02
2018-02-14 00:00:00,sell,SZ300274,2.87,643467.4475506856,643467.4475506856,0.1916208267211914,1844594.34,70710774.47
2018-02-14 00:00:00,sell,SZ000816,5.52,309725.78535203467,309725.78535203467,1.3927589654922485,1708238.54,72416450.65
2018-02-14 00:00:00,sell,SH600536,3.69,512264.60683248803,512264.60683248803,0.30898430943489075,1888300.95,74301919.15
2018-02-14 00:00:00,sell,SH600917,1.72,972030.4364075774,972030.4364075774,0.22165022790431976,1674052.41,75973460.48
2018-02-14 00:00:00,buy,SH600289,0.91,2032297.818547026,2032297.818547026,0.2594107985496521,1850471.95,74122063.29
2018-02-14 00:00:00,buy,SZ002573,2.5,739177.173017884,739177.173017884,0.1812826544046402,1850539.91,72270598.11
2018-02-14 00:00:00,buy,SH603868,2.38,776655.5449469086,776655.5449469086,0.04004349187016487,1848894.88,70420778.79
2018-02-14 00:00:00,buy,SZ002273,3.01,615007.3152806766,615007.3152806766,0.15934769809246063,1849259.97,68570594.19
2018-02-22 00:00:00,sell,SH603355,1.25,1577946.6377989831,1577946.6377989831,0.036873869597911835,1969562.24,70537202.08
2018-02-22 00:00:00,sell,SZ002273,3.12,615007.3152806766,615007.3152806766,0.15934868156909943,1921791.85,72456111.24
2018-02-22 00:00:00,sell,SH600325,9.22,215085.9732652296,215085.9732652296,1.1763674020767212,1983677.74,74436813.46
2018-02-22 00:00:00,sell,SH600392,10.45,182521.3327313612,182521.3327313612,0.6832015514373779,1907892.54,76341844.17
2018-02-22 00:00:00,sell,SH600289,0.96,2032297.818547026,2032297.818547026,0.2594524025917053,1945679.95,78284605.59
2018-02-22 00:00:00,buy,SZ000979,3.86,482137.4525995811,482137.4525995811,2.395167589187622,1859227.98,76424448.0
2018-02-22 00:00:00,buy,SH600184,6.66,279130.42014503956,279130.42014503956,0.4263240098953247,1858780.02,74564738.59
2018-02-22 00:00:00,buy,SZ002444,1.82,1020831.5084257493,1020831.5084257493,0.15683293342590332,1858760.99,72705048.22
2018-02-22 00:00:00,buy,SZ300058,3.31,561758.1485879296,561758.1485879296,0.46941909193992615,1859085.01,70845033.67
2018-02-23 00:00:00,sell,SH603816,1.76,1090053.9379062972,1090053.9379062972,0.028531743213534355,1913964.01,72756126.74
2018-02-23 00:00:00,sell,SH603868,2.45,776655.5449469086,776655.5449469086,0.040042269974946976,1905438.86,74658707.44
2018-02-23 00:00:00,sell,SZ002573,2.67,739177.173017884,739177.173017884,0.18128623068332672,1975198.9,76630943.54
2018-02-23 00:00:00,sell,SH600176,24.95,80637.66286452532,80637.66286452532,1.553847312927246,2012295.64,78640220.74
2018-02-23 00:00:00,sell,SZ000979,3.86,482137.4525995811,482137.4525995811,2.395167589187622,1859227.98,80496659.88
2018-02-23 00:00:00,buy,SZ300010,1.49,1251930.2847247338,1251930.2847247338,0.153682678937912,1864356.07,78631371.63
2018-02-23 00:00:00,buy,SZ300273,1.33,1399759.4515517058,1399759.4515517058,0.17903076112270355,1864463.93,76765975.47
2018-02-23 00:00:00,buy,SZ002073,1.51,1231072.3184203727,1231072.3184203727,0.18252380192279816,1865009.97,74900032.99
2018-02-23 00:00:00,buy,SH600478,9.68,192609.92873233758,192609.92873233758,1.6494476795196533,1864898.96,73034201.59
2018-02-23 00:00:00,buy,SZ000807,8.54,218258.36920783823,218258.36920783823,1.0267647504806519,1864511.98,71168757.35
2018-02-23 00:00:00,buy,SZ000636,3.75,497916.4336210997,497916.4336210997,0.3259583115577698,1864827.1,69302997.84
2018-02-26 00:00:00,sell,SZ000825,5.26,424268.5465063305,424268.5465063305,0.7339957356452942,2232819.15,71532467.76
2018-02-26 00:00:00,sell,SZ300273,1.4,1399759.4515517058,1399759.4515517058,0.17902931571006775,1962182.18,73491706.67
2018-02-26 00:00:00,sell,SZ300010,1.48,1251930.2847247338,1251930.2847247338,0.15367284417152405,1846921.8,75335858.09
2018-02-26 00:00:00,sell,SZ000807,8.71,218258.36920783823,218258.36920783823,1.0268062353134155,1900444.89,77233452.31
2018-02-26 00:00:00,buy,SZ000806,2.53,724307.7394960865,724307.7394960865,0.3824341297149658,1833740.02,75398795.42
2018-02-26 00:00:00,buy,SZ002440,2.41,761141.9313499432,761141.9313499432,0.10195207595825195,1832911.97,73564967.0
2018-02-26 00:00:00,buy,SH600967,11.51,159312.49105313787,159312.49105313787,0.9107885956764221,1834063.9,71729986.06
2018-02-26 00:00:00,buy,SZ002273,3.32,552263.7064374064,552263.7064374064,0.1593441665172577,1833919.96,69895149.14
2018-02-26 00:00:00,buy,SZ002709,6.04,302781.06195631187,302781.06195631187,0.1278151273727417,1830122.99,68064111.09
2018-02-26 00:00:00,buy,SH600525,15.81,115972.14144697512,115972.14144697512,0.9985156655311584,1833113.93,66230080.61
2018-02-27 00:00:00,sell,SH600478,10.19,192609.92873233758,192609.92873233758,1.6494414806365967,1963378.59,68190514.14
2018-02-27 00:00:00,sell,SZ300058,3.54,561758.1485879296,561758.1485879296,0.4694069027900696,1990883.28,70178411.1
2018-02-27 00:00:00,sell,SZ000732,13.49,121042.68932603298,121042.68932603298,0.4519108831882477,1632810.21,71808772.09
2018-02-27 00:00:00,sell,SZ000806,2.47,724307.7394960865,724307.7394960865,0.3824704587459564,1792360.24,73598443.8
2018-02-27 00:00:00,sell,SZ002073,1.59,1231072.3184203727,1231072.3184203727,0.1825062483549118,1954702.09,75550213.83
2018-02-27 00:00:00,buy,SH600664,2.28,826884.8059841954,826884.8059841954,0.43004781007766724,1888235.97,73661033.74
2018-02-27 00:00:00,buy,SH600216,14.01,134696.93267063933,134696.93267063933,0.8975705504417419,1887248.96,71772841.16
2018-02-27 00:00:00,buy,SZ002589,5.41,348874.3066172847,348874.3066172847,0.38151276111602783,1888689.06,69883207.76
2018-02-28 00:00:00,sell,SZ002440,2.39,761141.9313499432,761141.9313499432,0.10194127261638641,1821854.98,71702329.95
2018-02-28 00:00:00,sell,SH601002,1.01,1945076.6945653318,1945076.6945653318,0.1196669414639473,1966833.63,73666213.34
2018-02-28 00:00:00,sell,SZ002444,1.91,1020831.5084257493,1020831.5084257493,0.15682105720043182,1954673.01,75617954.34
2018-02-28 00:00:00,sell,SH600184,6.72,279130.42014503956,279130.42014503956,0.42637351155281067,1876847.92,77491986.98
2018-02-28 00:00:00,sell,SH600664,2.17,826884.8059841954,826884.8059841954,0.4300099313259125,1795621.73,79284915.28
2018-02-28 00:00:00,buy,SH600298,27.04,69573.38759609715,69573.38759609715,0.8710227012634277,1881024.01,77402950.76
2018-02-28 00:00:00,buy,SZ002271,24.96,75301.7719313503,75301.7719313503,0.6387631893157959,1879267.02,75522744.1
2018-02-28 00:00:00,buy,SH600499,14.57,129193.04032714173,129193.04032714173,1.414936900138855,1882839.95,73638962.73
2018-02-28 00:00:00,buy,SH603868,2.4,781666.9852554611,781666.9852554611,0.04004262760281563,1877686.87,71760337.01
2018-02-28 00:00:00,buy,SZ002268,7.65,245804.8383678479,245804.8383678479,0.32342731952667236,1880969.87,69878426.65
2018-02-28 00:00:00,buy,SH603369,1.68,1117342.6406106292,1117342.6406106292,0.10632369667291641,1881792.03,67995693.73
2018-03-01 00:00:00,sell,SZ002268,7.82,245804.8383678479,245804.8383678479,0.3234255611896515,1923094.51,69915903.6
2018-03-01 00:00:00,sell,SZ002273,3.39,552263.7064374064,552263.7064374064,0.15934500098228455,1870889.85,71783987.11
2018-03-01 00:00:00,sell,SH600967,11.84,159312.49105313787,159312.49105313787,0.9107094407081604,1886136.09,73667294.0
2018-03-01 00:00:00,sell,SH600823,4.27,438302.2792618064,438302.2792618064,0.8158755898475647,1870248.66,75534737.28
2018-03-01 00:00:00,sell,SZ002589,5.42,348874.3066172847,348874.3066172847,0.3815034329891205,1889973.66,77421875.99
2018-03-01 00:00:00,buy,SZ300166,6.64,284060.516615938,284060.516615938,0.3879455029964447,1885522.06,75535411.17
2018-03-01 00:00:00,buy,SZ002242,1.58,1194127.1001870502,1194127.1001870502,0.09035889059305191,1885013.08,73649455.57
2018-03-01 00:00:00,buy,SZ000513,21.53,87323.34085401736,87323.34085401736,0.3011794984340668,1879661.03,71768854.72
2018-03-01 00:00:00,buy,SH600859,8.18,230339.53947727755,230339.53947727755,0.3994103670120239,1885080.12,69882832.05
2018-03-02 00:00:00,sell,SH600525,16.13,115972.14144697512,115972.14144697512,0.9985195398330688,1870177.31,71750204.09
2018-03-02 00:00:00,sell,SZ002635,3.91,433414.82883062575,433414.82883062575,0.16450925171375275,1694105.79,73441768.73
2018-03-02 00:00:00,sell,SZ300166,6.37,284060.516615938,284060.516615938,0.38794469833374023,1810582.25,75249635.1
2018-03-02 00:00:00,sell,SH603369,1.7,1117342.6406106292,1117342.6406106292,0.10631623864173889,1898290.96,77145078.62
2018-03-02 00:00:00,sell,SZ000636,4.07,497916.4336210997,497916.4336210997,0.32595744729042053,2028744.64,79170780.15
2018-03-02 00:00:00,buy,SZ002440,2.47,761150.7199923295,761150.7199923295,0.10195089876651764,1880247.91,77289592.12
2018-03-02 00:00:00,buy,SH600426,11.53,162948.9027114485,162948.9027114485,0.6615570783615112,1878954.03,75409698.61
2018-03-02 00:00:00,buy,SH600346,20.22,92919.69825754547,92919.69825754547,1.3215712308883667,1878839.96,73529919.23
2018-03-02 00:00:00,buy,SH600348,4.97,378082.6342123674,378082.6342123674,0.5948435068130493,1880163.85,71648815.3
2018-03-02 00:00:00,buy,SZ000830,17.87,105174.13369081948,105174.13369081948,0.7910690307617188,1879487.94,69768387.62
2018-03-02 00:00:00,buy,SZ000596,33.14,56724.47397172123,56724.47397172123,0.5394496917724609,1880064.12,67887383.47
2018-03-05 00:00:00,sell,SZ002440,2.34,761150.7199923295,761150.7199923295,0.10195542126893997,1779447.03,69664161.32
2018-03-05 00:00:00,sell,SH600859,8.26,230339.53947727755,230339.53947727755,0.39940541982650757,1902536.55,71563844.07
2018-03-05 00:00:00,sell,SZ002709,6.17,302781.06195631187,302781.06195631187,0.12781034409999847,1868753.14,73429794.08
2018-03-05 00:00:00,sell,SZ000513,21.29,87323.34085401736,87323.34085401736,0.30117809772491455,1859138.32,75286143.7
2018-03-05 00:00:00,buy,SH600158,6.92,264838.404901233,264838.404901233,0.5792211294174194,1833129.97,73452097.17
2018-03-05 00:00:00,buy,SH600618,2.15,852893.394351203,852893.394351203,0.19615581631660461,1833608.02,71617572.34
2018-03-05 00:00:00,buy,SH600460,10.36,177020.2411118704,177020.2411118704,0.6400398015975952,1833194.09,69783461.65
2018-03-05 00:00:00,buy,SZ002179,4.93,372002.0589784821,372002.0589784821,0.13010680675506592,1833391.99,67949152.97
2018-03-05 00:00:00,buy,SZ000426,11.07,165651.93301938951,165651.93301938951,1.0190041065216064,1833168.11,66115068.27
2018-03-06 00:00:00,sell,SH600216,15.79,134696.93267063933,134696.93267063933,0.8975539803504944,2126591.72,68238470.1
2018-03-06 00:00:00,sell,SH600499,14.66,129193.04032714173,129193.04032714173,1.4149223566055298,1893788.59,70129418.01
2018-03-06 00:00:00,sell,SH600466,8.28,201544.12890070118,201544.12890070118,0.7953119277954102,1668623.49,71795538.57
2018-03-06 00:00:00,sell,SH603868,2.37,781666.9852554611,781666.9852554611,0.04004521667957306,1850888.67,73643650.91
2018-03-06 00:00:00,sell,SZ002179,5.14,372002.0589784821,372002.0589784821,0.13010403513908386,1910307.29,75551092.74
2018-03-06 00:00:00,buy,SZ002517,3.4,554887.1245723262,554887.1245723262,0.1717466413974762,1886940.0,73663209.26
2018-03-06 00:00:00,buy,SZ002589,5.46,345979.77778387064,345979.77778387064,0.3815251886844635,1887599.96,71774665.51
2018-03-06 00:00:00,buy,SZ000488,4.82,391381.68121118384,391381.68121118384,0.2624036967754364,1887625.99,69886095.7
2018-03-06 00:00:00,buy,SH601699,4.68,403223.82134427084,403223.82134427084,0.38340988755226135,1887665.96,67997485.91
2018-03-06 00:00:00,buy,SH600289,1.06,1788323.8410573967,1788323.8410573967,0.25946083664894104,1888479.99,66108061.68
2018-03-06 00:00:00,buy,SZ002285,5.69,331748.874051515,331748.874051515,0.5359475612640381,1888235.94,64218881.62
2018-03-07 00:00:00,sell,SZ000830,15.31,105174.13369081948,105174.13369081948,0.7910431027412415,1609867.28,65826334.1
2018-03-07 00:00:00,sell,SH600158,7.14,264838.404901233,264838.404901233,0.5792137384414673,1889863.91,67713363.22
2018-03-07 00:00:00,sell,SH601699,4.47,403223.82134427084,403223.82134427084,0.38337448239326477,1804015.48,69514672.68
2018-03-07 00:00:00,sell,SH600348,5.08,378082.6342123674,378082.6342123674,0.5949147939682007,1920876.09,71432667.46
2018-03-07 00:00:00,sell,SZ002517,3.36,554887.1245723262,554887.1245723262,0.17174674570560455,1863116.25,73292989.03
2018-03-07 00:00:00,buy,SZ002358,4.4,427614.1759627018,427614.1759627018,0.2785221040248871,1880588.93,71411459.81
2018-03-07 00:00:00,buy,SZ300182,4.76,395019.00811081065,395019.00811081065,0.4566868841648102,1881571.98,69528947.04
2018-03-07 00:00:00,buy,SZ002439,6.05,311107.1841539465,311107.1841539465,0.2548960745334625,1880995.87,67647010.67
2018-03-07 00:00:00,buy,SZ002373,1.27,1484195.530847352,1484195.530847352,0.08462496846914291,1881488.07,65764581.86
2018-03-07 00:00:00,buy,SZ300113,3.66,513424.99974128307,513424.99974128307,0.1612699031829834,1880387.92,63883253.74
2018-03-08 00:00:00,sell,SZ002358,4.41,427614.1759627018,427614.1759627018,0.27853521704673767,1885441.6,65765867.19
2018-03-08 00:00:00,sell,SH600460,10.72,177020.2411118704,177020.2411118704,0.6400465369224548,1897794.96,67660815.45
2018-03-08 00:00:00,sell,SZ000596,33.78,56724.47397172123,56724.47397172123,0.5394348502159119,1916119.34,69574060.61
2018-03-08 00:00:00,sell,SZ002271,27.58,75301.7719313503,75301.7719313503,0.6387746930122375,2076995.36,71647940.48
2018-03-08 00:00:00,sell,SZ002589,5.71,345979.77778387064,345979.77778387064,0.3815138339996338,1974661.1,73619639.58
2018-03-08 00:00:00,buy,SH600623,2.91,648492.5778157244,648492.5778157244,0.2727864682674408,1889292.1,71729402.83
2018-03-08 00:00:00,buy,SH603019,12.54,150370.60675581894,150370.60675581894,0.2640143632888794,1885750.08,69842709.88
2018-03-08 00:00:00,buy,SZ300055,1.69,1119589.0466777887,1119589.0466777887,0.09762510657310486,1888704.05,67953061.47
2018-03-08 00:00:00,buy,SZ000830,15.59,121225.0336716319,121225.0336716319,0.791090726852417,1890189.05,66061927.33
2018-03-08 00:00:00,buy,SZ000021,2.69,703430.1880273673,703430.1880273673,0.3029440641403198,1890196.94,64170785.29
2018-03-08 00:00:00,buy,SZ300197,2.97,636601.3017710182,636601.3017710182,0.2698706388473511,1889799.92,62280040.46
2018-03-08 00:00:00,buy,SZ000636,4.05,467223.99400383956,467223.99400383956,0.32596784830093384,1890042.96,60389052.49
2018-03-08 00:00:00,buy,SZ002640,7.87,240299.88656703947,240299.88656703947,0.41947585344314575,1890000.03,58498107.45
2018-03-09 00:00:00,sell,SZ300197,3.03,636601.3017710182,636601.3017710182,0.26987141370773315,1931037.59,60426248.49
2018-03-09 00:00:00,sell,SZ002242,1.59,1194127.1001870502,1194127.1001870502,0.09035373479127884,1894615.94,62318022.5
2018-03-09 00:00:00,sell,SH600618,2.21,852893.394351203,852893.394351203,0.19616051018238068,1885516.06,64200710.29
2018-03-09 00:00:00,sell,SH600298,29.08,69573.38759609715,69573.38759609715,0.8710441589355469,2023483.79,66221158.86
2018-03-09 00:00:00,sell,SZ002373,1.4,1484195.530847352,1484195.530847352,0.08463171124458313,2071308.9,68289360.8
2018-03-09 00:00:00,buy,SZ000006,16.17,117995.91900847755,117995.91900847755,1.837351679801941,1907840.08,66380566.8
2018-03-09 00:00:00,buy,SZ002176,3.09,618002.6136822547,618002.6136822547,0.2511316239833832,1907408.0,64472205.09
2018-03-09 00:00:00,buy,SZ002440,2.4,795449.81303192,795449.81303192,0.10195489227771759,1906661.02,62564590.74
2018-03-09 00:00:00,buy,SH600316,6.16,309450.1661839862,309450.1661839862,0.5076746344566345,1907194.09,60656443.06
2018-03-09 00:00:00,buy,SZ000050,5.37,354900.45307625417,354900.45307625417,0.30515599250793457,1907163.14,58748326.34
2018-03-12 00:00:00,sell,SZ002439,6.58,311107.1841539465,311107.1841539465,0.25489383935928345,2047508.04,60792763.11
2018-03-12 00:00:00,sell,SH603019,13.2,150370.60675581894,150370.60675581894,0.2640160620212555,1984615.78,62774401.97
2018-03-12 00:00:00,sell,SZ000636,4.17,467223.99400383956,467223.99400383956,0.32595962285995483,1946344.83,64717827.28
2018-03-12 00:00:00,sell,SZ002176,3.22,618002.6136822547,618002.6136822547,0.251139760017395,1989728.41,66704571.1
2018-03-12 00:00:00,sell,SZ000006,15.89,117995.91900847755,117995.91900847755,1.8373701572418213,1875338.92,68577097.01
2018-03-12 00:00:00,buy,SH601231,2.6,737980.7061305784,737980.7061305784,0.17927297949790955,1915703.92,66660435.24
2018-03-12 00:00:00,buy,SH600160,13.84,138409.14094376008,138409.14094376008,1.0620685815811157,1915410.01,64744067.52
2018-03-12 00:00:00,buy,SZ002221,2.82,679554.9529272064,679554.9529272064,0.23147502541542053,1915913.95,62827195.61
2018-03-13 00:00:00,sell,SZ000830,16.28,121225.0336716319,121225.0336716319,0.7910822033882141,1973600.74,64797835.95
2018-03-13 00:00:00,sell,SH600160,13.39,138409.14094376008,138409.14094376008,1.0620899200439453,1853707.24,66648762.63
2018-03-13 00:00:00,sell,SZ002440,2.36,795449.81303192,795449.81303192,0.10194890946149826,1879787.61,68525730.56
2018-03-13 00:00:00,sell,SH600426,12.27,162948.9027114485,162948.9027114485,0.6615613698959351,1999702.92,70522433.93
2018-03-13 00:00:00,sell,SZ002221,2.87,679554.9529272064,679554.9529272064,0.23143641650676727,1948621.93,72468132.93
2018-03-13 00:00:00,buy,SZ300287,7.65,249832.26047097082,249832.26047097082,0.7849266529083252,1911975.07,70555201.87
2018-03-13 00:00:00,buy,SH600183,8.0,238763.6721729694,238763.6721729694,0.45316776633262634,1910812.07,68643434.39
2018-03-13 00:00:00,buy,SH600216,14.92,128122.78240647433,128122.78240647433,0.8975765109062195,1911300.02,66731178.73
2018-03-13 00:00:00,buy,SZ002358,4.57,418628.19385022804,418628.19385022804,0.27852877974510193,1911074.06,64819149.13
2018-03-13 00:00:00,buy,SZ002123,1.68,1137286.3702760024,1137286.3702760024,0.14138919115066528,1911912.06,62906281.11
2018-03-14 00:00:00,sell,SZ000021,2.66,703430.1880273673,703430.1880273673,0.30293992161750793,1873123.47,64776594.9
2018-03-14 00:00:00,sell,SZ002358,4.44,418628.19385022804,418628.19385022804,0.2785322964191437,1859793.53,66633598.74
2018-03-14 00:00:00,sell,SZ300113,3.76,513424.99974128307,513424.99974128307,0.16126972436904907,1932549.78,68563249.7
2018-03-14 00:00:00,sell,SZ300182,4.96,395019.00811081065,395019.00811081065,0.45669177174568176,1959164.89,70519475.84
2018-03-14 00:00:00,sell,SZ002123,1.64,1137286.3702760024,1137286.3702760024,0.14138056337833405,1861950.33,72378633.25
2018-03-14 00:00:00,buy,SZ002004,9.3,205300.96696450247,205300.96696450247,1.3346259593963623,1909780.09,70467898.27
2018-03-14 00:00:00,buy,SZ000636,4.21,454027.7767517723,454027.7767517723,0.32597124576568604,1909199.97,68557743.7
2018-03-14 00:00:00,buy,SH603888,1.48,1287873.1614135625,1287873.1614135625,0.06390380859375,1909360.03,66647428.99
2018-03-14 00:00:00,buy,SH600566,16.11,118425.84990231962,118425.84990231962,0.3588743507862091,1907824.93,64738650.15
2018-03-14 00:00:00,buy,SZ002038,34.66,55016.48978703705,55016.48978703705,1.0869468450546265,1907022.01,62830674.63
2018-03-14 00:00:00,buy,SZ002179,4.99,382759.3366509414,382759.3366509414,0.13010786473751068,1908335.87,60921384.59
2018-03-15 00:00:00,sell,SH600623,3.11,648492.5778157244,648492.5778157244,0.2727862596511841,2018427.4,62936784.35
2018-03-15 00:00:00,sell,SZ000488,4.8,391381.68121118384,391381.68121118384,0.2624083161354065,1877389.03,64811357.3
2018-03-15 00:00:00,sell,SZ000636,4.08,454027.7767517723,454027.7767517723,0.3259643018245697,1854400.39,66662976.09
2018-03-15 00:00:00,sell,SZ000426,10.71,165651.93301938951,165651.93301938951,1.0190025568008423,1774085.29,68434400.25
2018-03-15 00:00:00,sell,SZ300287,7.53,249832.26047097082,249832.26047097082,0.7848775386810303,1882442.2,70314018.79
2018-03-15 00:00:00,buy,SH600122,4.43,431058.0764110211,431058.0764110211,0.4774298667907715,1907766.08,68405298.83
2018-03-15 00:00:00,buy,SH600460,10.43,182954.5947016129,182954.5947016129,0.6400495171546936,1907559.04,66496786.01
2018-03-15 00:00:00,buy,SZ000977,13.54,140759.70638484674,140759.70638484674,0.6607004404067993,1906500.03,64589332.73
2018-03-15 00:00:00,buy,SH600410,7.48,254996.4530773469,254996.4530773469,0.6494207978248596,1907712.11,62680666.77
2018-03-15 00:00:00,buy,SZ002013,25.39,75159.79139692087,75159.79139692087,2.406872034072876,1908495.0,60771217.52
2018-03-15 00:00:00,buy,SZ002371,3.02,631160.926716446,631160.926716446,0.08032816648483276,1906319.97,58863944.39
2018-03-15 00:00:00,buy,SZ002332,1.08,1772685.6574925357,1772685.6574925357,0.12472600489854813,1908092.92,56954897.42
2018-03-16 00:00:00,sell,SH600122,4.42,431058.0764110211,431058.0764110211,0.4774169325828552,1905656.37,58857695.31
2018-03-16 00:00:00,sell,SZ002332,1.07,1772685.6574925357,1772685.6574925357,0.12472539395093918,1894817.76,60749670.85
2018-03-16 00:00:00,sell,SZ002004,9.37,205300.96696450247,205300.96696450247,1.3345952033996582,1923435.68,62670221.37
2018-03-16 00:00:00,sell,SZ002640,7.98,240299.88656703947,240299.88656703947,0.41948285698890686,1918255.97,64585599.95
2018-03-16 00:00:00,sell,SH600183,7.66,238763.6721729694,238763.6721729694,0.4531729519367218,1828600.89,66411457.94
2018-03-16 00:00:00,buy,SZ000401,6.03,316839.0753802372,316839.0753802372,0.42166516184806824,1911816.02,64498686.01
2018-03-16 00:00:00,buy,SH600260,19.71,97015.85360797316,97015.85360797316,0.5937173962593079,1911743.83,62585986.31
2018-03-16 00:00:00,buy,SH600645,10.45,182817.53110710115,182817.53110710115,0.42993688583374023,1910766.06,60674264.87
2018-03-16 00:00:00,buy,SZ000860,6.87,278265.4886025971,278265.4886025971,0.3467911183834076,1910700.0,58762609.52
2018-03-16 00:00:00,buy,SZ000732,13.16,145172.2201362983,145172.2201362983,0.45187708735466003,1910928.12,56850725.94
2018-03-16 00:00:00,buy,SZ002589,5.55,344147.88609842944,344147.88609842944,0.3815220296382904,1910415.01,54939355.72
2018-03-19 00:00:00,sell,SH600645,10.24,182817.53110710115,182817.53110710115,0.42993640899658203,1871463.92,56808012.45
2018-03-19 00:00:00,sell,SZ002038,38.89,55016.48978703705,55016.48978703705,1.0869402885437012,2139631.13,58944434.13
2018-03-19 00:00:00,sell,SZ000860,6.92,278265.4886025971,278265.4886025971,0.3467698097229004,1925056.63,60866603.18
2018-03-19 00:00:00,sell,SH601231,2.45,737980.7061305784,737980.7061305784,0.17928151786327362,1804657.84,62668554.04
2018-03-19 00:00:00,sell,SH600346,20.05,92919.69825754547,92919.69825754547,1.3214997053146362,1862775.27,64528535.15
2018-03-19 00:00:00,buy,SH603019,13.12,145819.47378615616,145819.47378615616,0.26402509212493896,1913450.05,62614128.37
2018-03-19 00:00:00,buy,SZ002373,1.37,1397886.7907970238,1397886.7907970238,0.08462774008512497,1915277.05,60697893.68
2018-03-19 00:00:00,buy,SZ300244,5.22,366900.9354425004,366900.9354425004,0.2251288890838623,1915493.98,58781441.96
2018-03-19 00:00:00,buy,SZ002019,13.11,146011.38374080622,146011.38374080622,0.6102263927459717,1914758.94,56865725.64
2018-03-20 00:00:00,sell,SZ000401,6.1,316839.0753802372,316839.0753802372,0.4216301143169403,1933031.37,58795857.46
2018-03-20 00:00:00,sell,SH600566,16.17,118425.84990231962,118425.84990231962,0.35888421535491943,1915102.54,60708087.34
2018-03-20 00:00:00,sell,SZ002373,1.36,1397886.7907970238,1397886.7907970238,0.08463576436042786,1902444.35,62607678.03
2018-03-20 00:00:00,sell,SZ002179,5.1,382759.3366509414,382759.3366509414,0.13010306656360626,1950594.04,64555346.17
2018-03-20 00:00:00,sell,SH603888,1.42,1287873.1614135625,1287873.1614135625,0.06390029191970825,1828605.43,66381208.69
2018-03-20 00:00:00,buy,SH600187,4.11,465047.9210120476,465047.9210120476,0.9171097874641418,1910720.12,64469533.21
2018-03-20 00:00:00,buy,SH600848,13.21,144657.94325636854,144657.94325636854,0.49703457951545715,1910382.92,62558195.1
2018-03-20 00:00:00,buy,SH603228,1.59,1201627.5918653177,1201627.5918653177,0.030375467613339424,1906029.99,60651212.09
2018-03-20 00:00:00,buy,SZ000025,16.76,113825.82432256074,113825.82432256074,0.41379010677337646,1908021.1,58742236.98
2018-03-20 00:00:00,buy,SH600862,5.99,318737.7327356981,318737.7327356981,0.7300673127174377,1910466.99,56830814.75
2018-03-20 00:00:00,buy,SH600600,5.79,329758.8607968923,329758.8607968923,0.1437413990497589,1908324.02,54921536.57
2018-03-21 00:00:00,sell,SH600216,14.24,128122.78240647433,128122.78240647433,0.897588849067688,1823925.15,56742725.83
2018-03-21 00:00:00,sell,SH600316,6.61,309450.1661839862,309450.1661839862,0.5076465010643005,2045328.56,58784986.39
2018-03-21 00:00:00,sell,SH600848,12.91,144657.94325636854,144657.94325636854,0.49705639481544495,1868044.05,60650228.38
2018-03-21 00:00:00,sell,SH600410,7.27,254996.4530773469,254996.4530773469,0.6494053602218628,1854675.96,62502122.32
2018-03-21 00:00:00,buy,SZ000887,24.36,76175.84567072567,76175.84567072567,1.4046447277069092,1855380.08,60645814.55
2018-03-21 00:00:00,buy,SZ300134,1.34,1383270.8098018966,1383270.8098018966,0.08183502405881882,1854215.98,58790671.46
2018-03-21 00:00:00,buy,SZ002416,0.43,4301225.891354957,4301225.891354957,0.04812581464648247,1854720.0,56935024.1
2018-03-21 00:00:00,buy,SH600773,5.55,334148.1610207139,334148.1610207139,0.5479605197906494,1854802.95,55079293.76
2018-03-22 00:00:00,sell,SZ002013,25.97,75159.79139692087,75159.79139692087,2.406858205795288,1951899.73,57028265.64
2018-03-22 00:00:00,sell,SZ300134,1.24,1383270.8098018966,1383270.8098018966,0.08183261007070541,1709269.5,58734971.23
2018-03-22 00:00:00,sell,SZ300055,1.63,1119589.0466777887,1119589.0466777887,0.097626693546772,1823153.72,60555390.22
2018-03-22 00:00:00,sell,SH603228,1.6,1201627.5918653177,1201627.5918653177,0.03037864714860916,1918640.72,62471152.98
2018-03-22 00:00:00,buy,SZ002123,1.55,1198800.840881946,1198800.840881946,0.14139129221439362,1854330.03,60615895.79
2018-03-22 00:00:00,buy,SZ002373,1.33,1394189.1607650742,1394189.1607650742,0.08463700860738754,1853780.02,58761188.88
2018-03-22 00:00:00,buy,SZ000830,13.69,135513.24473257212,135513.24473257212,0.791066586971283,1854560.07,56905701.53
2018-03-22 00:00:00,buy,SZ002176,2.94,629940.317294254,629940.317294254,0.2511349022388458,1854103.94,55050670.54
2018-03-22 00:00:00,buy,SZ002354,2.8,662930.216363736,662930.216363736,0.15974532067775726,1853250.05,53196493.86
2018-03-22 00:00:00,buy,SZ002276,1.16,1592850.5049777273,1592850.5049777273,0.14477190375328064,1854023.93,51341542.92
2018-03-23 00:00:00,sell,SH600773,5.16,334148.1610207139,334148.1610207139,0.5479621887207031,1724807.22,53063762.93
2018-03-23 00:00:00,sell,SZ002371,2.79,631160.926716446,631160.926716446,0.08032678812742233,1761794.74,54822914.98
2018-03-23 00:00:00,buy,SZ002410,4.99,347621.7753590962,347621.7753590962,0.2186284214258194,1735839.97,53086207.09
2018-03-23 00:00:00,buy,SZ000825,4.03,430760.9664456735,430760.9664456735,0.7340497970581055,1735938.03,51349401.09
2018-03-23 00:00:00,buy,SZ002422,2.01,863944.9738693105,863944.9738693105,0.06991185992956161,1733480.05,49615054.3
2018-03-26 00:00:00,sell,SZ000050,4.68,354900.45307625417,354900.45307625417,0.305166631937027,1662463.05,51275023.66
2018-03-26 00:00:00,sell,SZ002416,0.39,4301225.891354957,4301225.891354957,0.04812946170568466,1687177.91,52959670.8
2018-03-26 00:00:00,sell,SZ002589,5.5,344147.88609842944,344147.88609842944,0.3814998269081116,1893235.77,54850066.72
2018-03-26 00:00:00,sell,SH600187,4.53,465047.9210120476,465047.9210120476,0.9172443747520447,2107219.12,56954125.01
2018-03-26 00:00:00,buy,SH600270,4.78,389848.13099036965,389848.13099036965,0.2606143057346344,1864360.12,55088832.71
2018-03-26 00:00:00,buy,SZ300182,4.53,411216.36407583766,411216.36407583766,0.4566938877105713,1864853.99,53223046.29
2018-03-26 00:00:00,buy,SZ300058,3.43,544297.0754838508,544297.0754838508,0.46941277384757996,1865150.12,51356963.6
2018-03-26 00:00:00,buy,SZ002280,2.43,767650.5220036152,767650.5220036152,0.36709412932395935,1865516.01,49490514.84
2018-03-27 00:00:00,sell,SZ002410,5.63,347621.7753590962,347621.7753590962,0.21862925589084625,1955487.52,51443069.13
2018-03-27 00:00:00,sell,SH603019,14.23,145819.47378615616,145819.47378615616,0.26402515172958374,2075535.46,53515491.28
2018-03-27 00:00:00,sell,SH600862,6.15,318737.7327356981,318737.7327356981,0.7300964593887329,1961739.32,55474287.99
2018-03-27 00:00:00,sell,SZ002176,2.89,629940.317294254,629940.317294254,0.25114282965660095,1817775.36,57289336.69
2018-03-27 00:00:00,sell,SH600270,4.9,389848.13099036965,389848.13099036965,0.26060765981674194,1909015.41,59195488.57
2018-03-27 00:00:00,buy,SH600770,2.33,832558.6443904861,832558.6443904861,0.335111528635025,1939049.92,57255469.12
2018-03-27 00:00:00,buy,SZ000712,17.66,109791.30458733396,109791.30458733396,1.185886263847351,1938678.0,55315821.79
2018-03-28 00:00:00,sell,SH600460,9.65,182954.5947016129,182954.5947016129,0.6400495767593384,1765868.23,57079041.22
2018-03-28 00:00:00,sell,SZ300182,4.59,411216.36407583766,411216.36407583766,0.4566851556301117,1885476.07,58961689.07
2018-03-28 00:00:00,sell,SZ000732,11.69,145172.2201362983,145172.2201362983,0.45190227031707764,1696510.51,60655654.81
2018-03-28 00:00:00,sell,SZ002123,1.53,1198800.840881946,1198800.840881946,0.14138031005859375,1837237.35,62490136.31
2018-03-28 00:00:00,sell,SZ000977,15.78,140759.70638484674,140759.70638484674,0.6607043743133545,2221783.21,64708586.84
2018-03-28 00:00:00,buy,SZ000681,10.01,191659.3225391853,191659.3225391853,0.3735795319080353,1918879.99,62788747.41
2018-03-28 00:00:00,buy,SH600580,6.75,284492.24456293695,284492.24456293695,0.7778770923614502,1920884.0,60866902.97
2018-03-28 00:00:00,buy,SH600098,1.98,970794.6149739515,970794.6149739515,0.32015010714530945,1920744.0,58945198.59
2018-03-28 00:00:00,buy,SZ002815,1.38,1387413.3349651329,1387413.3349651329,0.04310179129242897,1919579.93,57024658.87
2018-03-28 00:00:00,buy,SZ300199,4.31,445799.4745554016,445799.4745554016,0.28061944246292114,1920285.01,55103413.72
2018-03-28 00:00:00,buy,SZ002368,1.65,1163666.9539609083,1163666.9539609083,0.06290459632873535,1918571.97,53183882.46
2018-03-28 00:00:00,buy,SZ002269,0.48,4003982.395635208,4003982.395635208,0.16658414900302887,1920959.99,51261962.0
2018-03-28 00:00:00,buy,SH600993,9.49,202284.72896720536,202284.72896720536,0.5081945657730103,1919275.95,49341726.41
2018-03-29 00:00:00,sell,SZ002368,1.63,1163666.9539609083,1163666.9539609083,0.06290451437234879,1894413.48,51233298.27
2018-03-29 00:00:00,sell,SH600993,9.54,202284.72896720536,202284.72896720536,0.5081907510757446,1929541.47,53159945.43
2018-03-29 00:00:00,sell,SZ002276,1.12,1592850.5049777273,1592850.5049777273,0.1447882205247879,1782738.97,54940010.29
2018-03-29 00:00:00,sell,SH600260,19.22,97015.85360797316,97015.85360797316,0.5937201380729675,1865096.51,56802309.16
2018-03-29 00:00:00,sell,SZ002815,1.38,1387413.3349651329,1387413.3349651329,0.04310162365436554,1920170.55,58719599.45
2018-03-29 00:00:00,buy,SZ000547,15.17,126766.38185496365,126766.38185496365,1.4270344972610474,1922966.96,56795671.01
2018-03-29 00:00:00,buy,SH600053,10.23,188071.68800712557,188071.68800712557,0.38602301478385925,1923174.06,54871535.36
2018-03-29 00:00:00,buy,SZ000066,3.11,617810.2012488717,617810.2012488717,0.3965619206428528,1923250.03,52947323.71
2018-03-29 00:00:00,buy,SZ002030,15.57,123476.9775063044,123476.9775063044,0.9847989678382874,1922496.11,51023866.35
2018-03-30 00:00:00,sell,SZ300244,5.81,366900.9354425004,366900.9354425004,0.2251306176185608,2132748.32,53153415.55
2018-03-30 00:00:00,sell,SZ002030,15.92,123476.9775063044,123476.9775063044,0.9848231673240662,1966320.25,55116786.33
2018-03-30 00:00:00,sell,SZ300058,3.75,544297.0754838508,544297.0754838508,0.4694076478481293,2038867.71,57152595.73
2018-03-30 00:00:00,sell,SH600053,10.07,188071.68800712557,188071.68800712557,0.3859925866127014,1893984.79,59043739.55
2018-03-30 00:00:00,sell,SZ000547,15.2,126766.38185496365,126766.38185496365,1.4270265102386475,1926574.19,60967423.87
2018-03-30 00:00:00,buy,SZ002818,0.82,2359028.9326711413,2359028.9326711413,0.02992756851017475,1928086.0,59038373.83
2018-03-30 00:00:00,buy,SH600056,23.25,83030.9835750639,83030.9835750639,0.9779481887817383,1930124.02,57107284.75
2018-03-30 00:00:00,buy,SZ002428,1.15,1675760.3418691964,1675760.3418691964,0.08730365335941315,1929696.94,55176622.96
2018-03-30 00:00:00,buy,SZ002375,1.04,1855201.2066525028,1855201.2066525028,0.1528136134147644,1930635.06,53245022.59
2018-03-30 00:00:00,buy,SH600673,12.52,154170.0626014141,154170.0626014141,1.228513479232788,1929985.92,51314071.67
2018-04-02 00:00:00,sell,SZ000830,14.07,135513.24473257212,135513.24473257212,0.7910845875740051,1907131.39,53218342.37
2018-04-02 00:00:00,sell,SH600770,2.46,832558.6443904861,832558.6443904861,0.33513209223747253,2045195.44,55260470.02
2018-04-02 00:00:00,sell,SZ002428,1.12,1675760.3418691964,1675760.3418691964,0.08729764819145203,1881288.6,57138936.68
2018-04-02 00:00:00,sell,SZ002373,1.37,1394189.1607650742,1394189.1607650742,0.08463209867477417,1903229.6,59039311.43
2018-04-02 00:00:00,sell,SZ002354,2.69,662930.216363736,662930.216363736,0.15973369777202606,1786403.11,60823034.94
2018-04-02 00:00:00,buy,SZ002242,1.62,1190769.9903909436,1190769.9903909436,0.09036169946193695,1926040.02,58896031.9
2018-04-02 00:00:00,buy,SZ000513,21.96,87655.20396646482,87655.20396646482,0.30118006467819214,1925088.09,56969981.27
2018-04-02 00:00:00,buy,SZ002038,41.68,46184.907554645695,46184.907554645695,1.0869351625442505,1925170.01,55043848.67
2018-04-03 00:00:00,sell,SH600098,1.97,970794.6149739515,970794.6149739515,0.32013750076293945,1908236.73,56949223.04
2018-04-03 00:00:00,sell,SH600673,13.17,154170.0626014141,154170.0626014141,1.2285574674606323,2030440.61,58976617.99
2018-04-03 00:00:00,sell,SZ002280,2.56,767650.5220036152,767650.5220036152,0.3671203553676605,1967104.46,60940771.8
2018-04-03 00:00:00,sell,SZ002818,0.83,2359028.9326711413,2359028.9326711413,0.02992147207260132,1960162.73,62897994.28
2018-04-03 00:00:00,sell,SZ000712,18.2,109791.30458733396,109791.30458733396,1.1858936548233032,1998582.33,64893578.74
2018-04-03 00:00:00,buy,SZ002745,1.42,1352210.6525177392,1352210.6525177392,0.032761167734861374,1922619.88,62969997.55
2018-04-03 00:00:00,buy,SZ002223,14.64,131443.63941776846,131443.63941776846,0.6116690039634705,1924776.05,61044259.11
2018-04-03 00:00:00,buy,SZ002428,1.17,1640369.823545683,1640369.823545683,0.08729738742113113,1926040.02,59117256.08
2018-04-03 00:00:00,buy,SH600566,16.52,116472.26938669285,116472.26938669285,0.35888370871543884,1923636.09,57192658.16
2018-04-03 00:00:00,buy,SZ000636,4.65,413851.79893015506,413851.79893015506,0.325962096452713,1926372.07,55265322.91
2018-04-03 00:00:00,buy,SZ002078,4.04,476524.88080291037,476524.88080291037,0.38528943061828613,1925963.97,53338395.96
2018-04-04 00:00:00,sell,SZ002422,2.13,863944.9738693105,863944.9738693105,0.06990975141525269,1843352.54,55178983.47
2018-04-04 00:00:00,sell,SZ000681,10.04,191659.3225391853,191659.3225391853,0.37357738614082336,1924596.82,57100693.4
2018-04-04 00:00:00,sell,SH600600,6.11,329758.8607968923,329758.8607968923,0.1437467634677887,2014101.17,59111773.42
2018-04-04 00:00:00,sell,SZ000066,3.28,617810.2012488717,617810.2012488717,0.3965453505516052,2023615.55,61132353.55
2018-04-04 00:00:00,sell,SZ000887,25.09,76175.84567072567,76175.84567072567,1.4047372341156006,1911145.91,63040632.74
2018-04-04 00:00:00,buy,SZ000703,17.43,110778.937096664,110778.937096664,0.8070126175880432,1931040.03,61108627.2
2018-04-04 00:00:00,buy,SH600315,32.29,59759.35469810185,59759.35469810185,0.7898344993591309,1929535.92,59178126.5
2018-04-04 00:00:00,buy,SZ002479,1.13,1715456.7712469548,1715456.7712469548,0.13325896859169006,1931670.05,57245490.62
2018-04-04 00:00:00,buy,SH600183,7.55,255983.19749298767,255983.19749298767,0.4531547427177429,1931399.96,55313124.96
2018-04-04 00:00:00,buy,SZ000078,8.89,217316.21361095045,217316.21361095045,1.4642257690429688,1931474.07,53380685.15
2018-04-04 00:00:00,buy,SH600120,9.3,207624.52114532623,207624.52114532623,0.4546669125556946,1930480.0,51449239.91
2018-04-04 00:00:00,buy,SZ000761,1.64,1179692.1781239463,1179692.1781239463,0.3755216896533966,1931479.93,49516794.25
2018-04-09 00:00:00,sell,SH600315,31.86,59759.35469810185,59759.35469810185,0.7898455858230591,1904074.76,51418012.89
2018-04-09 00:00:00,sell,SZ002428,1.12,1640369.823545683,1640369.823545683,0.08729789406061172,1831538.64,53246804.23
2018-04-09 00:00:00,sell,SZ000703,16.52,110778.937096664,110778.937096664,0.8070082068443298,1830008.08,55074067.3
2018-04-09 00:00:00,sell,SZ000636,4.95,413851.79893015506,413851.79893015506,0.32596591114997864,2047805.98,57118801.57
2018-04-09 00:00:00,sell,SZ000513,21.8,87655.20396646482,87655.20396646482,0.30117303133010864,1911315.23,59027249.82
2018-04-09 00:00:00,buy,SZ300088,3.21,601485.2469855042,601485.2469855042,0.4502188563346863,1933512.01,57092771.06
2018-04-09 00:00:00,buy,SZ002022,11.08,174382.69147587012,174382.69147587012,0.777600109577179,1932300.07,55159504.84
2018-04-09 00:00:00,buy,SZ002056,4.93,391990.3967170592,391990.3967170592,0.5181249380111694,1933512.03,53225026.05
2018-04-09 00:00:00,buy,SH603658,2.82,683851.715737914,683851.715737914,0.04869476705789566,1931067.06,51292993.46
2018-04-09 00:00:00,buy,SH600161,10.46,184652.09282394307,184652.09282394307,0.36609387397766113,1932008.03,49360019.43
2018-04-10 00:00:00,sell,SZ300199,4.57,445799.4745554016,445799.4745554016,0.28060561418533325,2036527.57,51393492.2
2018-04-10 00:00:00,sell,SH600566,17.65,116472.26938669285,116472.26938669285,0.35888659954071045,2056158.49,53446566.45
2018-04-10 00:00:00,sell,SZ002223,14.33,131443.63941776846,131443.63941776846,0.6116717457771301,1883780.39,55327521.17
2018-04-10 00:00:00,sell,SZ002038,42.25,46184.907554645695,46184.907554645695,1.086936354637146,1951276.05,57275870.31
2018-04-10 00:00:00,sell,SH603658,2.77,683851.715737914,683851.715737914,0.04869712144136429,1897525.7,59170549.72
2018-04-10 00:00:00,buy,SH600256,5.86,330529.9151954737,330529.9151954737,1.4549363851547241,1938027.05,57231553.65
2018-04-10 00:00:00,buy,SH600673,13.43,144316.43364477204,144316.43364477204,1.2285503149032593,1937888.84,55292695.87
2018-04-10 00:00:00,buy,SH601689,1.27,1529142.022146514,1529142.022146514,0.06284569948911667,1936415.01,53355312.65
2018-04-10 00:00:00,buy,SZ002183,1.99,971927.9448231999,971927.9448231999,0.27965036034584045,1937934.02,51416409.66
2018-04-10 00:00:00,buy,SH603888,1.36,1425769.138609219,1425769.138609219,0.0638953372836113,1936786.03,49478655.24
2018-04-11 00:00:00,sell,SZ000025,15.27,113825.82432256074,113825.82432256074,0.41383007168769836,1738157.84,51214205.84
2018-04-11 00:00:00,sell,SZ000761,1.68,1179692.1781239463,1179692.1781239463,0.3753041923046112,1983490.48,53194721.09
2018-04-11 00:00:00,sell,SH600256,6.11,330529.9151954737,330529.9151954737,1.454998254776001,2019865.81,55211557.1
2018-04-11 00:00:00,sell,SH600673,13.29,144316.43364477204,144316.43364477204,1.2285778522491455,1918429.08,57127108.53
2018-04-11 00:00:00,buy,SZ000661,52.26,35589.26230817482,35589.26230817482,0.2809836268424988,1860000.14,55266178.39
2018-04-11 00:00:00,buy,SZ002179,5.43,344332.56321668735,344332.56321668735,0.13010677695274353,1870399.93,53394843.27
2018-04-11 00:00:00,buy,SH600894,2.94,636945.9950997686,636945.9950997686,0.34194421768188477,1870901.91,51523005.91
2018-04-11 00:00:00,buy,SZ300202,5.89,317440.092149417,317440.092149417,0.2583164572715759,1869600.1,49652471.01
2018-04-11 00:00:00,buy,SZ002573,2.63,710505.0670254091,710505.0670254091,0.1812794953584671,1870176.02,47781359.9
2018-04-12 00:00:00,sell,SZ002285,4.99,331748.874051515,331748.874051515,0.5359207987785339,1657013.3,49435887.68
2018-04-12 00:00:00,sell,SZ000825,4.25,430760.9664456735,430760.9664456735,0.7339284420013428,1830495.22,51263637.16
2018-04-12 00:00:00,sell,SZ002078,4.21,476524.88080291037,476524.88080291037,0.3852823078632355,2008546.76,53269171.1
2018-04-12 00:00:00,sell,SH603888,1.38,1425769.138609219,1425769.138609219,0.06390424817800522,1960745.47,55226975.45
2018-04-12 00:00:00,sell,SZ300202,5.84,317440.092149417,317440.092149417,0.25830498337745667,1853117.57,57077313.35
2018-04-12 00:00:00,buy,SZ000636,4.65,415999.28787938494,415999.28787938494,0.325962096452713,1936368.07,55139977.09
2018-04-12 00:00:00,buy,SZ000860,8.38,231004.01526234933,231004.01526234933,0.3467472195625305,1936017.01,53202992.07
2018-04-12 00:00:00,buy,SZ002368,1.83,1060342.7794169674,1060342.7794169674,0.06290418654680252,1936301.04,51265722.88
2018-04-13 00:00:00,sell,SZ000860,8.34,231004.01526234933,231004.01526234933,0.34677377343177795,1926552.37,53189385.42
2018-04-13 00:00:00,sell,SH600120,9.74,207624.52114532623,207624.52114532623,0.4546646773815155,2022038.05,55208390.42
2018-04-13 00:00:00,sell,SZ002022,10.8,174382.69147587012,174382.69147587012,0.7776029706001282,1883490.92,57089056.11
2018-04-13 00:00:00,sell,SH600183,7.28,255983.19749298767,255983.19749298767,0.45317479968070984,1864202.59,58950462.39
2018-04-13 00:00:00,sell,SZ002479,1.14,1715456.7712469548,1715456.7712469548,0.13323409855365753,1956450.96,60903978.67
2018-04-13 00:00:00,buy,SZ002371,3.56,541524.7884810519,541524.7884810519,0.08032873272895813,1927920.01,58975094.7
2018-04-13 00:00:00,buy,SZ002073,1.33,1445353.4939933142,1445353.4939933142,0.18251590430736542,1928377.92,57045752.59
2018-04-13 00:00:00,buy,SZ002544,3.45,559330.2440932626,559330.2440932626,0.2064969688653946,1927695.05,55117093.69
2018-04-13 00:00:00,buy,SH603883,3.18,606847.6328816777,606847.6328816777,0.04284436255693436,1927119.99,53189010.15
2018-04-13 00:00:00,buy,SH603019,13.2,145824.29662129204,145824.29662129204,0.26401636004447937,1924230.12,51263817.91
2018-04-16 00:00:00,sell,SZ002269,0.5,4003982.395635208,4003982.395635208,0.16660144925117493,1987866.46,53248702.57
2018-04-16 00:00:00,sell,SH600580,6.59,284492.24456293695,284492.24456293695,0.777863085269928,1874377.3,55120268.3
2018-04-16 00:00:00,sell,SZ002371,3.68,541524.7884810519,541524.7884810519,0.08032891154289246,1991434.43,57108715.59
2018-04-16 00:00:00,sell,SH603019,14.2,145824.29662129204,145824.29662129204,0.26402920484542847,2070245.78,59175856.0
2018-04-16 00:00:00,buy,SZ002345,1.73,1083674.5546947212,1083674.5546947212,0.17283786833286285,1873000.1,57301919.4
2018-04-16 00:00:00,buy,SH603369,1.86,1007236.5260331419,1007236.5260331419,0.10633053630590439,1873178.98,55427803.82
2018-04-16 00:00:00,buy,SH600673,13.02,143828.15085068438,143828.15085068438,1.2285494804382324,1873019.93,53553847.38
2018-04-16 00:00:00,buy,SZ002353,2.0,937145.8503596435,937145.8503596435,0.11972522735595703,1872617.96,51680293.11
2018-04-16 00:00:00,buy,SH600521,13.93,134347.70135999713,134347.70135999713,0.40417513251304626,1871177.93,49808179.59
2018-04-17 00:00:00,sell,SZ002368,2.01,1060342.7794169674,1060342.7794169674,0.06290717422962189,2126497.05,51931486.89
2018-04-17 00:00:00,sell,SH601689,1.28,1529142.022146514,1529142.022146514,0.06286192685365677,1952295.02,53880853.47
2018-04-17 00:00:00,sell,SZ002345,1.74,1083674.5546947212,1083674.5546947212,0.17283418774604797,1880451.95,55758484.75
2018-04-17 00:00:00,sell,SH600521,13.29,134347.70135999713,134347.70135999713,0.4041694700717926,1785358.97,57541165.68
2018-04-17 00:00:00,sell,SH603883,3.03,606847.6328816777,606847.6328816777,0.04284605383872986,1837492.46,59375901.9
2018-04-17 00:00:00,buy,SH600409,9.92,196122.6188942035,196122.6188942035,1.1452019214630127,1945035.88,57429893.5
2018-04-18 00:00:00,sell,SZ002745,1.35,1352210.6525177392,1352210.6525177392,0.06590468436479568,1830463.44,59257611.24
2018-04-18 00:00:00,sell,SZ002375,0.99,1855201.2066525028,1855201.2066525028,0.1528296321630478,1842943.24,61097790.06
2018-04-18 00:00:00,sell,SZ000078,8.33,217316.21361095045,217316.21361095045,1.4642207622528076,1810551.81,62905626.04
2018-04-18 00:00:00,sell,SZ000636,5.2,415999.28787938494,415999.28787938494,0.32596850395202637,2161506.55,65063890.33
2018-04-18 00:00:00,sell,SH600289,0.87,1788323.8410573967,1788323.8410573967,0.2593934237957001,1553996.1,66615555.44
2018-04-18 00:00:00,buy,SH601717,0.49,3904609.9361256724,3904609.9361256724,0.0708649531006813,1917531.07,64697065.61
2018-04-18 00:00:00,buy,SH603528,2.11,909581.1246994396,909581.1246994396,0.2230697125196457,1917405.07,62778701.84
2018-04-18 00:00:00,buy,SZ002038,43.29,44253.04916649082,44253.04916649082,1.086930751800537,1915823.09,60861920.84
2018-04-18 00:00:00,buy,SZ002152,1.59,1208796.2452705973,1208796.2452705973,0.19780008494853973,1917581.95,58943380.1
2018-04-18 00:00:00,buy,SZ002517,2.59,741210.983719221,741210.983719221,0.17174597084522247,1917138.09,57025283.44
2018-04-18 00:00:00,buy,SH600566,17.78,107827.32688052721,107827.32688052721,0.35890716314315796,1917197.92,55107126.92
2018-04-18 00:00:00,buy,SH600282,2.56,750028.3787738024,750028.3787738024,0.5681118369102478,1917450.02,53188718.17
2018-04-18 00:00:00,buy,SZ002001,38.95,49150.97456684808,49150.97456684808,1.1637612581253052,1914484.12,51273276.81
2018-04-19 00:00:00,sell,SZ002152,1.56,1208796.2452705973,1208796.2452705973,0.19779640436172485,1884073.0,53154523.7
2018-04-19 00:00:00,sell,SZ002544,3.6,559330.2440932626,559330.2440932626,0.20648765563964844,2011919.22,55163425.04
2018-04-19 00:00:00,sell,SH600282,2.66,750028.3787738024,750028.3787738024,0.568055272102356,1998209.92,57158637.65
2018-04-19 00:00:00,sell,SH600161,9.9,184652.09282394307,184652.09282394307,0.3661031126976013,1827274.13,58983170.86
2018-04-19 00:00:00,sell,SZ002073,1.35,1445353.4939933142,1445353.4939933142,0.1825108528137207,1954703.91,60934942.72
2018-04-19 00:00:00,buy,SZ002063,4.79,403026.10210564063,403026.10210564063,0.4161020815372467,1928549.98,59005428.46
2018-04-19 00:00:00,buy,SZ000806,2.58,747255.6967683007,747255.6967683007,0.3824661374092102,1929150.01,57075313.88
2018-04-19 00:00:00,buy,SZ300199,4.42,436878.4988638955,436878.4988638955,0.28428956866264343,1928826.06,55145523.41
2018-04-19 00:00:00,buy,SZ002390,1.71,1129433.5389228116,1129433.5389228116,0.19452229142189026,1928966.06,53215592.87
2018-04-20 00:00:00,sell,SZ002019,12.14,146011.38374080622,146011.38374080622,0.6102156639099121,1773058.79,54985992.07
2018-04-20 00:00:00,sell,SZ002038,43.35,44253.04916649082,44253.04916649082,1.0869282484054565,1918223.59,56901338.33
2018-04-20 00:00:00,sell,SH601717,0.5,3904609.9361256724,3904609.9361256724,0.07084821164608002,1933676.1,58832113.91
2018-04-20 00:00:00,sell,SH600056,20.37,83030.9835750639,83030.9835750639,0.9779362082481384,1691375.25,60520952.1
2018-04-20 00:00:00,sell,SZ002179,5.49,344332.56321668735,344332.56321668735,0.13010810315608978,1890579.27,62408695.51
2018-04-20 00:00:00,buy,SZ000050,4.59,416976.4625221542,416976.4625221542,0.3064921200275421,1911888.0,60495851.57
2018-04-20 00:00:00,buy,SH600291,9.82,194785.7104912065,194785.7104912065,0.5298129916191101,1912295.92,58582599.5
2018-04-20 00:00:00,buy,SZ002152,1.52,1255257.1668383596,1255257.1668383596,0.19780807197093964,1911909.9,56669733.65
2018-04-20 00:00:00,buy,SZ002048,14.72,129893.88274651377,129893.88274651377,0.9500062465667725,1911465.93,54757311.99
2018-04-20 00:00:00,buy,SZ000528,5.89,324427.06126937846,324427.06126937846,0.6525349617004395,1911650.85,52844705.31
2018-04-20 00:00:00,buy,SH601678,1.14,1681769.2244453027,1681769.2244453027,0.18016740679740906,1911929.97,50931819.38
2018-04-20 00:00:00,buy,SZ000830,13.15,145367.01939420032,145367.01939420032,0.7911010384559631,1911300.09,49019563.63
2018-04-23 00:00:00,sell,SH601678,1.16,1681769.2244453027,1681769.2244453027,0.18017828464508057,1954467.95,50971099.88
2018-04-23 00:00:00,sell,SH600894,2.78,636945.9950997686,636945.9950997686,0.34191760420799255,1772754.03,52741194.78
2018-04-23 00:00:00,sell,SZ300088,2.88,601485.2469855042,601485.2469855042,0.45019206404685974,1733016.83,54471612.09
2018-04-23 00:00:00,sell,SZ002390,1.84,1129433.5389228116,1129433.5389228116,0.1945311427116394,2074062.44,56542563.43
2018-04-23 00:00:00,sell,SZ002183,1.88,971927.9448231999,971927.9448231999,0.27964651584625244,1823752.82,58363580.62
2018-04-23 00:00:00,buy,SZ002431,1.08,1762622.3867021932,1762622.3867021932,0.14597567915916443,1911739.14,56450885.61
2018-04-23 00:00:00,buy,SH600416,5.78,330493.42901326244,330493.42901326244,0.5213416814804077,1910806.97,54539123.24
2018-04-23 00:00:00,buy,SZ002358,5.16,370520.20681746054,370520.20681746054,0.27852731943130493,1910232.1,52627936.02
2018-04-23 00:00:00,buy,SZ000572,1.73,1106808.4067042917,1106808.4067042917,0.4533756673336029,1911857.9,50715122.2
2018-04-24 00:00:00,sell,SZ002358,5.06,370520.20681746054,370520.20681746054,0.2785164415836334,1873006.79,52585319.48
2018-04-24 00:00:00,sell,SZ002431,1.09,1762622.3867021932,1762622.3867021932,0.14597967267036438,1914364.39,54496812.32
2018-04-24 00:00:00,sell,SZ002242,1.55,1190769.9903909436,1190769.9903909436,0.09035339206457138,1848398.02,56342437.74
2018-04-24 00:00:00,sell,SZ000528,6.11,324427.06126937846,324427.06126937846,0.652564287185669,1983718.1,58323180.26
2018-04-24 00:00:00,sell,SH600416,5.81,330493.42901326244,330493.42901326244,0.5214117169380188,1921402.95,60241701.11
2018-04-24 00:00:00,buy,SZ000681,9.38,203426.76997320337,203426.76997320337,0.3735988140106201,1907600.11,58333147.2
2018-04-24 00:00:00,buy,SZ002408,3.14,606340.3911504353,606340.3911504353,0.22347183525562286,1906485.0,56425708.95
2018-04-24 00:00:00,buy,SH600729,8.69,219433.91662762812,219433.91662762812,0.28163376450538635,1907148.09,54517607.29
2018-04-24 00:00:00,buy,SH600141,7.35,259392.83658304883,259392.83658304883,0.48613524436950684,1906632.07,52610021.91
2018-04-24 00:00:00,buy,SZ002635,2.74,696612.8130893005,696612.8130893005,0.1645103245973587,1906943.99,50702124.44
2018-04-25 00:00:00,sell,SH600566,18.55,107827.32688052721,107827.32688052721,0.35889360308647156,2000327.43,52699451.38
2018-04-25 00:00:00,sell,SZ002152,1.57,1255257.1668383596,1255257.1668383596,0.19780629873275757,1973967.3,54670457.73
2018-04-25 00:00:00,sell,SZ002353,1.92,937145.8503596435,937145.8503596435,0.11973299086093903,1800926.81,56468683.15
2018-04-25 00:00:00,sell,SH600673,11.45,143828.15085068438,143828.15085068438,1.2285164594650269,1646799.79,58113012.74
2018-04-25 00:00:00,buy,SZ002032,38.83,47382.29906223118,47382.29906223118,0.8083187341690063,1839932.12,56272160.65
2018-04-25 00:00:00,buy,SZ002195,3.74,492513.5380984165,492513.5380984165,0.49480873346328735,1839935.02,54431305.66
2018-04-25 00:00:00,buy,SZ002251,1.63,1129233.1929655804,1129233.1929655804,0.11060602962970734,1839776.99,52590608.79
2018-04-25 00:00:00,buy,SH600151,3.2,575430.671964653,575430.671964653,0.5310804843902588,1839712.1,50749976.83
2018-04-26 00:00:00,sell,SZ000830,13.51,145367.01939420032,145367.01939420032,0.791050374507904,1964074.13,52711104.85
2018-04-26 00:00:00,sell,SZ002573,2.5,710505.0670254091,710505.0670254091,0.1812911033630371,1777553.82,54485992.34
2018-04-26 00:00:00,sell,SZ000661,55.79,35589.26230817482,35589.26230817482,0.28098148107528687,1985484.79,56468498.9
2018-04-26 00:00:00,sell,SZ000806,2.45,747255.6967683007,747255.6967683007,0.3824714422225952,1832003.48,58297754.37
2018-04-26 00:00:00,sell,SZ000572,1.7,1106808.4067042917,1106808.4067042917,0.4534483850002289,1887070.65,60181994.41
2018-04-26 00:00:00,buy,SH603658,3.08,618201.217747965,618201.217747965,0.048689648509025574,1901115.87,58279927.98
2018-04-26 00:00:00,buy,SZ002657,1.89,1009096.3779755568,1009096.3779755568,0.0907742828130722,1904364.04,56374611.77
2018-04-26 00:00:00,buy,SZ002049,35.85,53146.10332987915,53146.10332987915,0.6284562349319458,1905135.87,54468523.32
2018-04-26 00:00:00,buy,SZ002261,2.23,855010.3832167587,855010.3832167587,0.3263118267059326,1905569.93,52562000.61
2018-04-26 00:00:00,buy,SZ000049,11.31,168357.25630515759,168357.25630515759,0.36470064520835876,1904628.0,50656420.29
2018-04-27 00:00:00,sell,SH600291,9.83,194785.7104912065,194785.7104912065,0.5297541618347168,1915179.32,52568726.84
2018-04-27 00:00:00,sell,SZ000050,4.54,416976.4625221542,416976.4625221542,0.3065046966075897,1891517.68,54457407.24
2018-04-27 00:00:00,sell,SZ002195,3.64,492513.5380984165,492513.5380984165,0.4948033392429352,1791175.49,56245895.97
2018-04-27 00:00:00,sell,SZ002032,39.37,47382.29906223118,47382.29906223118,0.8083241581916809,1865605.55,58108703.11
2018-04-27 00:00:00,sell,SH603528,2.13,909581.1246994396,909581.1246994396,0.22304204106330872,1937454.52,60043251.45
2018-04-27 00:00:00,buy,SH600651,1.17,1619976.0711687424,1619976.0711687424,0.2054968625307083,1900859.14,58141441.88
2018-04-27 00:00:00,buy,SZ002268,10.03,189530.85916666698,189530.85916666698,0.3234301805496216,1900300.02,56240191.71
2018-04-27 00:00:00,buy,SH603019,13.2,143930.8157741516,143930.8157741516,0.26401573419570923,1900000.12,54339241.59
2018-04-27 00:00:00,buy,SH600416,5.35,355535.3395969969,355535.3395969969,0.5214671492576599,1900349.88,52437941.54
2018-04-27 00:00:00,buy,SH600754,7.64,248841.80976223902,248841.80976223902,0.2407151758670807,1901226.03,50535764.89
2018-05-02 00:00:00,sell,SZ300199,4.63,436878.4988638955,436878.4988638955,0.2843024432659149,2024551.55,52557279.62
2018-05-02 00:00:00,sell,SZ000681,9.73,203426.76997320337,203426.76997320337,0.3735720217227936,1978897.92,54533209.19
2018-05-02 00:00:00,sell,SZ002408,3.11,606340.3911504353,606340.3911504353,0.2234574854373932,1886038.9,56416419.03
2018-05-02 00:00:00,sell,SH600729,9.65,219433.91662762812,219433.91662762812,0.2816333472728729,2118500.89,58531742.18
2018-05-02 00:00:00,sell,SZ002261,2.06,855010.3832167587,855010.3832167587,0.32630664110183716,1763252.01,60292349.3
2018-05-02 00:00:00,buy,SZ000860,9.34,204172.63744664504,204172.63744664504,0.3467653691768646,1906643.98,58384752.0
2018-05-02 00:00:00,buy,SZ000960,4.8,397391.69495493587,397391.69495493587,0.34776771068573,1908542.12,56475255.61
2018-05-02 00:00:00,buy,SZ002299,1.25,1528418.0743073777,1528418.0743073777,0.0819147601723671,1908047.93,54566253.66
2018-05-02 00:00:00,buy,SZ000401,5.21,366162.13876168063,366162.13876168063,0.4216711223125458,1908383.95,52656915.51
2018-05-02 00:00:00,buy,SH600770,2.55,747470.1199952477,747470.1199952477,0.3351304531097412,1908809.97,50747151.14
2018-05-03 00:00:00,sell,SZ002063,4.65,403026.10210564063,403026.10210564063,0.41610395908355713,1874894.51,52619233.31
2018-05-03 00:00:00,sell,SH600770,2.51,747470.1199952477,747470.1199952477,0.33513110876083374,1878753.65,54495168.83
2018-05-03 00:00:00,sell,SH600754,7.75,248841.80976223902,248841.80976223902,0.24070991575717926,1927539.88,56419817.41
2018-05-03 00:00:00,sell,SZ000401,5.06,366162.13876168063,366162.13876168063,0.4216977655887604,1852917.11,58269955.14
2018-05-03 00:00:00,sell,SZ002001,40.1,49150.97456684808,49150.97456684808,1.163757562637329,1971105.69,60238104.17
2018-05-03 00:00:00,buy,SZ002642,1.82,1045677.2727755924,1045677.2727755924,0.15980073809623718,1906611.05,58330539.82
2018-05-03 00:00:00,buy,SH600435,21.69,87931.60382343909,87931.60382343909,2.0595552921295166,1906982.95,56422603.38
2018-05-03 00:00:00,buy,SH600600,6.03,315819.9715022754,315819.9715022754,0.143752783536911,1905437.97,54516212.7
2018-05-03 00:00:00,buy,SZ000021,2.74,697139.8861194253,697139.8861194253,0.3029521107673645,1907135.93,52608123.2
2018-05-03 00:00:00,buy,SZ002690,4.61,413022.4636288526,413022.4636288526,0.23098017275333405,1906091.88,50701078.28
2018-05-04 00:00:00,sell,SZ002657,1.87,1009096.3779755568,1009096.3779755568,0.09077893942594528,1885224.71,52583475.16
2018-05-04 00:00:00,sell,SZ002056,4.49,391990.3967170592,391990.3967170592,0.5241105556488037,1758620.35,54339457.57
2018-05-04 00:00:00,sell,SZ002635,3.03,696612.8130893005,696612.8130893005,0.1645183116197586,2109888.44,56446181.18
2018-05-04 00:00:00,sell,SZ000049,11.56,168357.25630515759,168357.25630515759,0.36470603942871094,1945794.75,58389057.23
2018-05-04 00:00:00,sell,SZ002642,1.78,1045677.2727755924,1045677.2727755924,0.15982146561145782,1860064.33,60246331.47
2018-05-04 00:00:00,buy,SH600187,3.47,548946.7010823464,548946.7010823464,0.916846752166748,1907506.89,58337870.83
2018-05-04 00:00:00,buy,SH603816,1.95,974376.0099864815,974376.0099864815,0.02853108011186123,1904300.09,56432618.59
2018-05-04 00:00:00,buy,SZ002410,5.86,325044.6095086422,325044.6095086422,0.2208927571773529,1906290.0,54525375.44
2018-05-04 00:00:00,buy,SZ000050,4.89,390209.65898478066,390209.65898478066,0.3065018951892853,1906423.97,52617998.26
2018-05-04 00:00:00,buy,SH603806,0.99,1931480.0221488425,1931480.0221488425,0.02687058597803116,1906806.05,50710238.8
2018-05-04 00:00:00,buy,SH600201,23.03,82767.4169518127,82767.4169518127,0.9363588094711304,1906499.92,48802785.64
2018-05-04 00:00:00,buy,SH600872,16.69,114284.78807447635,114284.78807447635,0.6886305809020996,1907688.05,46894143.74
2018-05-07 00:00:00,sell,SZ002268,10.34,189530.85916666698,189530.85916666698,0.32343626022338867,1959184.81,48850389.78
2018-05-07 00:00:00,sell,SZ002410,6.08,325044.6095086422,325044.6095086422,0.22089456021785736,1977388.08,50824811.78
2018-05-07 00:00:00,sell,SZ002299,1.26,1528418.0743073777,1528418.0743073777,0.08190105110406876,1929009.13,52750927.4
2018-05-07 00:00:00,sell,SH600201,23.22,82767.4169518127,82767.4169518127,0.9363431930541992,1921967.98,54670012.42
2018-05-07 00:00:00,buy,SZ002366,2.05,902576.7759952045,902576.7759952045,0.08243066072463989,1854792.11,52814292.92
2018-05-07 00:00:00,buy,SH600587,8.32,222886.88886111366,222886.88886111366,0.5155081152915955,1853336.91,50960029.34
2018-05-07 00:00:00,buy,SZ002368,2.03,914103.5441307474,914103.5441307474,0.06290315836668015,1852650.07,49106452.95
2018-05-07 00:00:00,buy,SZ002195,3.4,545494.075884065,545494.075884065,0.4947808086872101,1854213.01,47251312.83
2018-05-07 00:00:00,buy,SZ300253,8.14,227747.62416017105,227747.62416017105,0.6274489164352417,1854842.04,45395543.37
2018-05-08 00:00:00,sell,SZ002368,2.04,914103.5441307474,914103.5441307474,0.0629073977470398,1863125.54,47255874.22
2018-05-08 00:00:00,sell,SZ002690,4.9,413022.4636288526,413022.4636288526,0.2309630662202835,2022330.27,49275171.0
2018-05-08 00:00:00,sell,SZ002366,2.14,902576.7759952045,902576.7759952045,0.08242381364107132,1932007.4,51204280.38
2018-05-08 00:00:00,sell,SH603658,3.23,618201.217747965,618201.217747965,0.04920659214258194,1998261.79,53199544.78
2018-05-08 00:00:00,sell,SH603806,1.03,1931480.0221488425,1931480.0221488425,0.02687082625925541,1986749.78,55183314.43
2018-05-08 00:00:00,buy,SZ300010,2.28,850496.0677423622,850496.0677423622,0.15367501974105835,1940894.94,53241449.04
2018-05-08 00:00:00,buy,SH600329,8.75,221810.85133703012,221810.85133703012,0.4409162104129791,1941330.0,51299148.38
2018-05-08 00:00:00,buy,SZ002106,0.85,2282408.2092923154,2282408.2092923154,0.10795614868402481,1941631.92,49356545.64
2018-05-08 00:00:00,buy,SH600572,14.41,134704.11362373218,134704.11362373218,1.9850915670394897,1941324.04,47414250.94
2018-05-08 00:00:00,buy,SZ002299,1.31,1483235.8136495736,1483235.8136495736,0.08191549777984619,1940354.95,45472925.81
2018-05-09 00:00:00,sell,SH600151,3.05,575430.671964653,575430.671964653,0.5309903025627136,1753846.07,47224141.11
2018-05-09 00:00:00,sell,SH600329,8.89,221810.85133703012,221810.85133703012,0.4408608675003052,1971400.59,49192584.6
2018-05-09 00:00:00,sell,SZ300253,8.24,227747.62416017105,227747.62416017105,0.62744140625,1876254.63,51066024.84
2018-05-09 00:00:00,sell,SH603816,2.01,974376.0099864815,974376.0099864815,0.0285287294536829,1958904.64,53021991.12
2018-05-09 00:00:00,sell,SH603369,2.28,1007236.5260331419,1007236.5260331419,0.10632676631212234,2292929.75,55311481.48
2018-05-09 00:00:00,buy,SH603568,2.49,780851.6083274356,780851.6083274356,0.09387186914682388,1946115.0,53364393.42
2018-05-09 00:00:00,buy,SZ002672,2.21,879685.9176272233,879685.9176272233,0.141073077917099,1944647.02,51418774.07
2018-05-09 00:00:00,buy,SZ002422,2.43,802434.2541231567,802434.2541231567,0.06991226971149445,1946108.88,49471692.14
2018-05-09 00:00:00,buy,SZ000596,38.86,50052.095921589935,50052.095921589935,0.5394379496574402,1945080.04,47525639.56
2018-05-10 00:00:00,sell,SH600435,22.0,87931.60382343909,87931.60382343909,2.0594942569732666,1934090.75,49456829.17
2018-05-10 00:00:00,sell,SZ000860,10.59,204172.63744664504,204172.63744664504,0.34675362706184387,2162866.65,51616451.52
2018-05-10 00:00:00,sell,SH600872,18.06,114284.78807447635,114284.78807447635,0.6886230707168579,2063491.45,53676847.73
2018-05-10 00:00:00,sell,SZ300010,2.25,850496.0677423622,850496.0677423622,0.15368980169296265,1914939.05,55588914.37
2018-05-10 00:00:00,sell,SZ000960,5.05,397391.69495493587,397391.69495493587,0.347820907831192,2006971.01,57592874.93
2018-05-10 00:00:00,buy,SZ002353,2.08,937921.0361090851,937921.0361090851,0.11973289400339127,1952896.96,55639001.51
2018-05-10 00:00:00,buy,SH600280,11.67,167358.38988639772,167358.38988639772,1.3294821977615356,1953549.96,53684474.78
2018-05-10 00:00:00,buy,SH600563,9.31,209867.33368898332,209867.33368898332,0.18630817532539368,1953044.97,51730453.28
2018-05-11 00:00:00,sell,SH600572,14.45,134704.11362373218,134704.11362373218,1.9850873947143555,1946667.88,53674201.16
2018-05-11 00:00:00,sell,SZ002195,3.27,545494.075884065,545494.075884065,0.4947910010814667,1781376.62,55452905.72
2018-05-11 00:00:00,sell,SH603568,2.26,780851.6083274356,780851.6083274356,0.0938701331615448,1761366.5,57211630.17
2018-05-11 00:00:00,sell,SH600587,8.06,222886.88886111366,222886.88886111366,0.5155076384544373,1795885.36,59004821.7
2018-05-11 00:00:00,sell,SH600563,9.23,209867.33368898332,209867.33368898332,0.18631045520305634,1936646.68,60938563.42
2018-05-11 00:00:00,buy,SZ000703,18.72,102964.10132792615,102964.10132792615,0.8070774078369141,1927919.96,59009679.5
2018-05-11 00:00:00,buy,SZ000636,4.61,418454.7469874583,418454.7469874583,0.325961172580719,1928695.93,57080019.22
2018-05-11 00:00:00,buy,SH600260,18.61,103586.04965931915,103586.04965931915,0.5937092900276184,1927410.05,55151645.46
2018-05-11 00:00:00,buy,SZ300383,5.61,343939.77815664426,343939.77815664426,0.36663395166397095,1929330.0,53221350.8
2018-05-14 00:00:00,sell,SZ002353,2.04,937921.0361090851,937921.0361090851,0.12055716663599014,1917719.87,55136194.09
2018-05-14 00:00:00,sell,SH603019,12.98,143930.8157741516,143930.8157741516,0.2645260691642761,1868645.11,57002036.23
2018-05-14 00:00:00,sell,SH600280,11.81,167358.38988639772,167358.38988639772,1.3294036388397217,1975683.24,58974755.95
2018-05-14 00:00:00,sell,SZ000596,41.38,50052.095921589935,50052.095921589935,0.5394436120986938,2071191.68,61042840.84
2018-05-14 00:00:00,sell,SH600416,4.89,355535.3395969969,355535.3395969969,0.5213976502418518,1736966.53,62777201.92
2018-05-14 00:00:00,buy,SZ002384,1.73,1114538.888041728,1114538.888041728,0.06962520629167557,1922927.98,60853312.48
2018-05-14 00:00:00,buy,SZ002122,0.98,1969210.152192255,1969210.152192255,0.12101298570632935,1923080.97,58929269.97
2018-05-14 00:00:00,buy,SZ002603,1.0,1929078.0863486454,1929078.0863486454,0.05966580659151077,1922169.97,57006138.91
2018-05-14 00:00:00,buy,SH600536,6.89,279288.9279481681,279288.9279481681,0.3089990019798279,1923627.08,55081550.03
2018-05-14 00:00:00,buy,SH603198,1.06,1809835.8066583914,1809835.8066583914,0.06238134950399399,1923816.13,53156771.99
2018-05-14 00:00:00,buy,SH603816,2.11,911282.4538494392,911282.4538494392,0.02853121981024742,1918800.14,51237012.45
2018-05-14 00:00:00,buy,SZ002269,0.54,3575404.4083789433,3575404.4083789433,0.16658255457878113,1923787.88,49312262.67
2018-05-14 00:00:00,buy,SZ002195,3.29,585518.5323027524,585518.5323027524,0.49477511644363403,1923607.95,47387692.92
2018-05-15 00:00:00,sell,SZ000050,5.1,390209.65898478066,390209.65898478066,0.30650192499160767,1991340.06,49376045.96
2018-05-15 00:00:00,sell,SH603816,2.09,911282.4538494392,911282.4538494392,0.028530709445476532,1901606.09,51274799.64
2018-05-15 00:00:00,sell,SZ002299,1.31,1483235.8136495736,1483235.8136495736,0.0819011926651001,1944875.24,53216757.57
2018-05-15 00:00:00,sell,SZ002384,1.75,1114538.888041728,1114538.888041728,0.06962340325117111,1946157.55,55159995.87
2018-05-15 00:00:00,sell,SZ002672,2.27,879685.9176272233,879685.9176272233,0.14107459783554077,1994308.55,57151312.96
2018-05-15 00:00:00,buy,SZ002028,15.29,126748.86951914517,126748.86951914517,0.7802830934524536,1938439.99,55211903.75
2018-05-15 00:00:00,buy,SH603556,0.82,2358322.854130167,2358322.854130167,0.029554901644587517,1938357.03,53272577.55
2018-05-15 00:00:00,buy,SZ002368,1.92,1007855.3024896954,1007855.3024896954,0.06290585547685623,1936869.91,51334739.21
2018-05-15 00:00:00,buy,SZ002078,4.49,431892.47035556,431892.47035556,0.3852810859680176,1938559.91,49395210.02
2018-05-15 00:00:00,buy,SZ000501,9.18,211057.82685486585,211057.82685486585,0.6453207731246948,1938126.03,47456114.93
2018-05-15 00:00:00,buy,SZ000066,3.29,589065.6376844955,589065.6376844955,0.3965602219104767,1938879.97,45516265.52
2018-05-16 00:00:00,sell,SZ002122,0.88,1969210.152192255,1969210.152192255,0.12100955843925476,1737157.86,47250817.64
2018-05-16 00:00:00,sell,SH600600,7.49,315819.9715022754,315819.9715022754,0.14374500513076782,2366573.84,49613841.62
2018-05-16 00:00:00,sell,SH600536,6.89,279288.9279481681,279288.9279481681,0.3089844286441803,1925262.2,51536215.93
2018-05-16 00:00:00,sell,SH603198,1.1,1809835.8066583914,1809835.8066583914,0.06239698454737663,1990926.01,53524155.55
2018-05-16 00:00:00,sell,SH600141,7.97,259392.83658304883,259392.83658304883,0.48620977997779846,2067095.79,55588150.7
2018-05-16 00:00:00,buy,SZ002183,2.12,922574.415798163,922574.415798163,0.2796522378921509,1955639.9,53631532.98
2018-05-16 00:00:00,buy,SZ000528,6.94,281833.8912986585,281833.8912986585,0.6525120139122009,1954857.08,51675698.47
2018-05-16 00:00:00,buy,SZ000981,8.64,226347.92933692367,226347.92933692367,0.8098152279853821,1955811.11,49718909.46
2018-05-17 00:00:00,sell,SZ002269,0.53,3575404.4083789433,3575404.4083789433,0.16663280129432678,1894579.36,51610646.94
2018-05-17 00:00:00,sell,SZ000021,2.55,697139.8861194253,697139.8861194253,0.30293944478034973,1778229.74,53386209.34
2018-05-17 00:00:00,sell,SZ002195,3.5,585518.5323027524,585518.5323027524,0.49478718638420105,2048229.07,55431366.06
2018-05-17 00:00:00,sell,SZ002603,0.98,1929078.0863486454,1929078.0863486454,0.05966104194521904,1896696.51,57325217.53
2018-05-17 00:00:00,sell,SZ002183,2.22,922574.415798163,922574.415798163,0.27965086698532104,2045929.94,59368078.57
2018-05-17 00:00:00,buy,SZ002118,7.03,276677.84442233254,276677.84442233254,0.7398496270179749,1944650.04,57422456.2
2018-05-17 00:00:00,buy,SH603883,3.29,590071.2267074866,590071.2267074866,0.04338459298014641,1942016.07,55479469.13
2018-05-17 00:00:00,buy,SH600884,11.17,173995.42663346286,173995.42663346286,0.4965647757053375,1943135.99,53535361.56
2018-05-17 00:00:00,buy,SZ002176,2.87,676920.7502711301,676920.7502711301,0.25113722681999207,1944799.87,51589589.29
2018-05-18 00:00:00,sell,SH600884,11.69,173995.42663346286,173995.42663346286,0.4965641498565674,2034717.5,53621254.71
2018-05-18 00:00:00,sell,SZ002028,15.16,126748.86951914518,126748.86951914518,0.7802823781967163,1921625.26,55539997.53
2018-05-18 00:00:00,sell,SZ000703,20.4,102964.10132792615,102964.10132792615,0.8070691227912903,2100746.5,57637592.91
2018-05-18 00:00:00,sell,SZ000636,4.62,418454.7469874583,418454.7469874583,0.32596519589424133,1931447.91,59566143.65
2018-05-18 00:00:00,sell,SZ300383,6.04,343939.77815664426,343939.77815664426,0.3666408360004425,2078166.9,61641193.3
2018-05-18 00:00:00,buy,SZ000596,42.03,46344.348912959045,46344.348912959045,0.5394400954246521,1947750.04,59692469.39
2018-05-18 00:00:00,buy,SH600729,10.51,185358.39258964907,185358.39258964907,0.28161659836769104,1948626.03,57742869.05
2018-05-18 00:00:00,buy,SH603589,2.6,748723.547885109,748723.547885109,0.04434213414788246,1948175.99,55793718.97
2018-05-18 00:00:00,buy,SH603369,2.21,881255.0335247851,881255.0335247851,0.10632563382387161,1950834.11,53841909.44
2018-05-18 00:00:00,buy,SZ002603,0.98,1982567.0507156702,1982567.0507156702,0.059670113027095795,1951949.98,51888983.49
2018-05-18 00:00:00,buy,SZ000418,32.97,59164.34034052352,59164.34034052352,0.5003013610839844,1950639.8,49937368.37
2018-05-21 00:00:00,sell,SH603556,0.84,2358322.854130167,2358322.854130167,0.02955057844519615,1988946.95,51923331.9
2018-05-21 00:00:00,sell,SH600729,10.31,185358.39258964907,185358.39258964907,0.2816358208656311,1911694.39,53832158.75
2018-05-21 00:00:00,sell,SZ000596,41.84,46344.348912959045,46344.348912959045,0.5394516587257385,1939041.55,55768291.74
2018-05-21 00:00:00,sell,SZ000528,7.01,281833.8912986585,281833.8912986585,0.6525563597679138,1975220.09,57740549.0
2018-05-21 00:00:00,sell,SH603883,3.28,590071.2267074866,590071.2267074866,0.04338755086064339,1936772.07,59674415.91
2018-05-21 00:00:00,buy,SH600216,15.03,130017.76427212937,130017.76427212937,0.8975696563720703,1953558.02,57719881.11
2018-05-21 00:00:00,buy,SZ002001,43.29,45113.098783119414,45113.098783119414,1.1637418270111084,1952999.95,55765904.66
2018-05-21 00:00:00,buy,SH600438,16.25,120234.28694753941,120234.28694753941,1.374815821647644,1953845.92,53811081.81
2018-05-21 00:00:00,buy,SH600270,5.42,360324.021699303,360324.021699303,0.2605987787246704,1953119.97,51856985.29
2018-05-22 00:00:00,sell,SZ002001,42.76,45113.098783119414,45113.098783119414,1.1637508869171143,1928864.97,53782956.96
2018-05-22 00:00:00,sell,SH603589,2.67,748723.547885109,748723.547885109,0.04434867203235626,1995946.23,55775909.27
2018-05-22 00:00:00,sell,SZ002049,33.4,53146.10332987915,53146.10332987915,0.6290396451950073,1774852.06,57548099.05
2018-05-22 00:00:00,sell,SH600260,19.34,103586.04965931915,103586.04965931915,0.593705415725708,2003042.05,59548136.54
2018-05-22 00:00:00,sell,SZ000066,3.34,589065.6376844955,589065.6376844955,0.396574467420578,1969318.72,61514501.27
2018-05-22 00:00:00,buy,SZ002299,1.36,1435571.9796517012,1435571.9796517012,0.08191856741905212,1947455.94,59566071.61
2018-05-22 00:00:00,buy,SZ000860,10.82,179943.04316345512,179943.04316345512,0.34677639603614807,1946880.02,57618218.14
2018-05-22 00:00:00,buy,SZ300383,6.25,311483.4001725877,311483.4001725877,0.36663269996643066,1947110.04,55670134.55
2018-05-22 00:00:00,buy,SZ002701,2.16,900208.2654135673,900208.2654135673,0.3501411974430084,1947935.89,53721224.69
2018-05-22 00:00:00,buy,SH600729,10.42,186771.41074198266,186771.41074198266,0.28162768483161926,1946725.96,51773525.37
2018-05-23 00:00:00,sell,SH600409,12.48,196122.6188942035,196122.6188942035,1.1453258991241455,2448405.1,54218257.86
2018-05-23 00:00:00,sell,SH600729,10.25,186771.41074198266,186771.41074198266,0.2816258370876312,1914627.47,56130013.39
2018-05-23 00:00:00,sell,SH600651,1.1,1619976.0711687424,1619976.0711687424,0.20549683272838593,1777685.76,57905032.63
2018-05-23 00:00:00,sell,SZ002106,0.8,2282408.2092923154,2282408.2092923154,0.10794517397880554,1825638.32,59727932.49
2018-05-23 00:00:00,sell,SH600270,5.52,360324.021699303,360324.021699303,0.2606017589569092,1988824.85,61713774.11
2018-05-23 00:00:00,buy,SH600141,8.8,221949.08934329974,221949.08934329974,0.48614752292633057,1952989.89,59759807.72
2018-05-23 00:00:00,buy,SZ002001,43.72,44682.86892608618,44682.86892608618,1.1637569665908813,1953639.91,57805190.99
2018-05-23 00:00:00,buy,SZ002028,14.68,133098.2442768916,133098.2442768916,0.7843829989433289,1953324.02,55850890.31
2018-05-23 00:00:00,buy,SZ000786,17.27,113060.88281244494,113060.88281244494,0.7526918053627014,1953044.98,53896868.81
2018-05-23 00:00:00,buy,SZ300159,1.58,1238390.989479608,1238390.989479608,0.1709476262331009,1953990.92,51941900.89
2018-05-24 00:00:00,sell,SZ002368,1.97,1007855.3024896954,1007855.3024896954,0.06290695071220398,1988258.63,53927177.13
2018-05-24 00:00:00,sell,SZ002001,44.92,44682.86892608618,44682.86892608618,1.163756251335144,2007198.88,55931365.21
2018-05-24 00:00:00,sell,SZ002078,4.18,431892.47035556,431892.47035556,0.3852934241294861,1803833.85,57732493.31
2018-05-24 00:00:00,sell,SZ002701,2.2,900208.2654135673,900208.2654135673,0.35012853145599365,1976232.66,59705761.62
2018-05-24 00:00:00,sell,SH600187,3.52,548946.7010823464,548946.7010823464,0.9169601202011108,1932910.91,61635773.17
2018-05-24 00:00:00,buy,SH603589,2.58,755368.2302069416,755368.2302069416,0.04434923082590103,1951040.1,59683757.55
2018-05-24 00:00:00,buy,SZ002308,1.36,1432233.7949193649,1432233.7949193649,0.12616655230522156,1951560.02,57731221.75
2018-05-24 00:00:00,buy,SZ000050,5.21,374545.2831471051,374545.2831471051,0.3065049946308136,1951599.9,55778646.05
2018-05-24 00:00:00,buy,SH600600,7.26,268520.0189365335,268520.0189365335,0.14375092089176178,1949299.96,53828371.45
2018-05-24 00:00:00,buy,SZ000596,40.73,47826.15793193151,47826.15793193151,0.5394537448883057,1947900.1,51879497.4
2018-05-24 00:00:00,buy,SH603816,2.05,953373.0754503617,953373.0754503617,0.02853027917444706,1950239.91,49928282.37
2018-05-25 00:00:00,sell,SH600216,14.42,130017.76427212937,130017.76427212937,0.8975762724876404,1875382.78,51800852.07
2018-05-25 00:00:00,sell,SZ002251,1.55,1129233.1929655804,1129233.1929655804,0.1105969026684761,1748455.59,53546684.98
2018-05-25 00:00:00,sell,SZ000501,8.89,211057.82685486585,211057.82685486585,0.6453894972801208,1877035.81,55420905.24
2018-05-25 00:00:00,sell,SZ000786,16.43,113060.88281244494,113060.88281244494,0.7526655793190002,1857668.19,57275786.92
2018-05-25 00:00:00,sell,SZ002517,2.49,741210.983719221,741210.983719221,0.17176003754138947,1848547.47,59121561.57
2018-05-25 00:00:00,buy,SH600859,9.44,205038.41825790895,205038.41825790895,0.3994373381137848,1936115.96,57184477.55
2018-05-25 00:00:00,buy,SH603515,2.65,729574.0243623324,729574.0243623324,0.04687666893005371,1932641.89,55250869.34
2018-05-25 00:00:00,buy,SZ000612,4.93,392518.9294092072,392518.9294092072,0.7805992960929871,1936447.89,53313453.23
2018-05-25 00:00:00,buy,SH600872,17.77,108912.64466211354,108912.64466211354,0.6886252760887146,1935750.01,51376735.35
2018-05-28 00:00:00,sell,SZ002422,2.37,802434.2541231567,802434.2541231567,0.06991168111562729,1902335.0,53276216.84
2018-05-28 00:00:00,sell,SZ000860,11.83,179943.04316345512,179943.04316345512,0.3484996557235718,2129007.45,55402030.78
2018-05-28 00:00:00,sell,SH603515,2.54,729574.0243623324,729574.0243623324,0.04687584936618805,1854291.59,57253540.94
2018-05-28 00:00:00,sell,SH600600,8.11,268520.0189365335,268520.0189365335,0.14374972879886627,2176636.06,59426912.05
2018-05-28 00:00:00,sell,SZ002118,6.61,276677.84442233254,276677.84442233254,0.7398529648780823,1830026.38,61254193.39
2018-05-28 00:00:00,buy,SH600409,11.8,164426.29875784137,164426.29875784137,1.1451939344406128,1939489.9,59313733.74
2018-05-28 00:00:00,buy,SH600884,10.92,177622.03700935116,177622.03700935116,0.4965600073337555,1939517.98,57373246.0
2018-05-28 00:00:00,buy,SZ002353,2.25,863475.8761099618,863475.8761099618,0.12055924534797668,1939382.92,55432893.39
2018-05-28 00:00:00,buy,SZ000158,6.72,288700.14030711085,288700.14030711085,0.7145822644233704,1939219.91,53492703.87
2018-05-28 00:00:00,buy,SH600426,13.26,146167.89919867544,146167.89919867544,0.6663569808006287,1938259.98,51553474.77
2018-05-28 00:00:00,buy,SZ002050,17.12,113281.40268127753,113281.40268127753,0.9780952334403992,1939000.02,49613505.24
2018-05-29 00:00:00,sell,SZ002308,1.38,1432233.7949193649,1432233.7949193649,0.1261635720729828,1969583.38,51580134.24
2018-05-29 00:00:00,sell,SH603589,2.75,755368.2302069416,755368.2302069416,0.04434707760810852,2078574.08,53655590.46
2018-05-29 00:00:00,sell,SZ000158,6.68,288700.14030711085,288700.14030711085,0.7144906520843506,1928657.72,55581355.19
2018-05-29 00:00:00,sell,SH603816,2.14,953373.0754503617,953373.0754503617,0.028528660535812378,2042060.08,57620352.18
2018-05-29 00:00:00,sell,SH600859,9.18,205038.41825790895,205038.41825790895,0.39943429827690125,1882866.74,59500394.62
2018-05-29 00:00:00,buy,SH603515,2.64,735958.765432864,735958.765432864,0.046877626329660416,1944765.02,57554657.22
2018-05-29 00:00:00,buy,SZ000636,4.41,442080.38548231416,442080.38548231416,0.32595881819725037,1948232.06,55605451.05
2018-05-29 00:00:00,buy,SH603198,1.1,1766394.2507728457,1766394.2507728457,0.062386978417634964,1948335.89,53656140.99
2018-05-29 00:00:00,buy,SH601689,1.26,1549524.314864962,1549524.314864962,0.06285800039768219,1948974.11,51706192.4
2018-05-29 00:00:00,buy,SH600346,21.13,92164.30346449018,92164.30346449018,1.3215528726577759,1947581.95,49757636.65
2018-05-30 00:00:00,sell,SH603515,2.6,735958.765432864,735958.765432864,0.046875812113285065,1912261.12,51667029.38
2018-05-30 00:00:00,sell,SZ300159,1.5,1238390.989479608,1238390.989479608,0.17095449566841125,1854566.61,53518814.14
2018-05-30 00:00:00,sell,SZ000418,32.88,59164.34034052352,59164.34034052352,0.5082650780677795,1945604.56,55461500.3
2018-05-30 00:00:00,sell,SH603369,2.38,881255.0335247851,881255.0335247851,0.10760990530252457,2095782.07,57554138.7
2018-05-30 00:00:00,sell,SZ002176,2.52,676920.7502711301,676920.7502711301,0.251592218875885,1703080.02,59254664.09
2018-05-30 00:00:00,buy,SZ000703,18.91,102627.21390951106,102627.21390951106,1.1390740871429443,1940540.05,57313153.77
2018-05-30 00:00:00,buy,SH600623,3.13,620247.5495490339,620247.5495490339,0.27279430627822876,1940724.09,55371459.32
2018-05-30 00:00:00,buy,SZ000816,2.51,774595.3207620588,774595.3207620588,1.3920817375183105,1940939.96,53429548.89
2018-05-30 00:00:00,buy,SZ002506,0.55,3556619.266453116,3556619.266453116,0.10701173543930054,1941060.02,51487518.33
2018-05-31 00:00:00,sell,SH600872,19.63,108912.64466211354,108912.64466211354,0.6886298060417175,2137514.1,53621826.17
2018-05-31 00:00:00,sell,SZ000636,4.41,442080.38548231416,442080.38548231416,0.3259609341621399,1949685.74,55568587.37
2018-05-31 00:00:00,sell,SZ300383,5.18,311483.4001725877,311483.4001725877,0.36663591861724854,1613660.26,57179827.14
2018-05-31 00:00:00,sell,SZ000612,4.75,392518.9294092072,392518.9294092072,0.7805485725402832,1862790.89,59039823.84
2018-05-31 00:00:00,sell,SH603198,1.19,1766394.2507728457,1766394.2507728457,0.06238778308033943,2094929.03,61131610.48
2018-05-31 00:00:00,buy,SZ002268,8.99,215187.42629904824,215187.42629904824,0.32343897223472595,1934879.89,59195763.16
2018-05-31 00:00:00,buy,SZ000587,20.81,93000.22868987339,93000.22868987339,2.6924664974212646,1935591.92,57259203.45
2018-05-31 00:00:00,buy,SH600657,3.38,573192.7545027534,573192.7545027534,0.7357036471366882,1935602.97,55322632.67
2018-05-31 00:00:00,buy,SZ002092,2.7,716734.0310718472,716734.0310718472,0.24416309595108032,1935499.93,53386164.99
2018-05-31 00:00:00,buy,SH601678,1.23,1573225.8724825776,1573225.8724825776,0.180139422416687,1935622.04,51449575.14
2018-05-31 00:00:00,buy,SZ002269,0.56,3456783.478932857,3456783.478932857,0.16665782034397125,1935696.15,49512911.14
2018-06-01 00:00:00,sell,SZ002353,2.13,863475.8761099618,863475.8761099618,0.1205570250749588,1838372.21,51348525.79
2018-06-01 00:00:00,sell,SZ000596,46.81,47826.15793193151,47826.15793193151,0.5394397974014282,2238608.06,53583775.94
2018-06-01 00:00:00,sell,SZ002506,0.54,3556619.266453116,3556619.266453116,0.10697852075099945,1932847.91,55513724.58
2018-06-01 00:00:00,sell,SH600438,14.41,120234.28694753941,120234.28694753941,1.3747845888137817,1732304.53,57243430.66
2018-06-01 00:00:00,sell,SH600426,12.39,146167.89919867544,146167.89919867544,0.6663545370101929,1811633.25,59052346.45
2018-06-01 00:00:00,buy,SH600651,1.0,1928983.6416507466,1928983.6416507466,0.20549681782722473,1934431.91,57116947.33
2018-06-01 00:00:00,buy,SH600859,9.96,194032.40563255182,194032.40563255182,0.39941781759262085,1932074.99,55183906.3
2018-06-01 00:00:00,buy,SH600566,18.68,103344.57931220593,103344.57931220593,0.36576664447784424,1930446.02,53252495.05
2018-06-01 00:00:00,buy,SH600572,14.57,132740.56878515077,132740.56878515077,1.9850751161575317,1934090.05,51317437.95
2018-06-01 00:00:00,buy,SZ002332,1.16,1666809.6905969614,1666809.6905969614,0.12556922435760498,1933931.95,49382539.04
2018-06-04 00:00:00,sell,SH601689,1.22,1549524.314864962,1549524.314864962,0.06285252422094345,1887447.42,51267155.28
2018-06-04 00:00:00,sell,SZ002299,1.24,1435571.9796517012,1435571.9796517012,0.08191737532615662,1775734.24,53040225.92
2018-06-04 00:00:00,sell,SH600657,3.32,573192.7545027534,573192.7545027534,0.7356250882148743,1901663.92,54939037.34
2018-06-04 00:00:00,sell,SH600346,21.37,92164.30346449018,92164.30346449018,1.3215430974960327,1969491.47,56905574.58
2018-06-04 00:00:00,sell,SH600141,7.46,221949.08934329974,221949.08934329974,0.4861818253993988,1655302.8,58558394.43
2018-06-04 00:00:00,buy,SZ002353,2.21,868446.1345589448,868446.1345589448,0.12056015431880951,1918104.01,56639331.37
2018-06-04 00:00:00,buy,SH600536,6.15,311855.56469349936,311855.56469349936,0.3097587823867798,1917510.1,54720862.52
2018-06-04 00:00:00,buy,SZ000960,5.19,369470.1946191601,369470.1946191601,0.347795307636261,1917220.0,52802683.91
2018-06-04 00:00:00,buy,SH600426,12.85,149168.58625855437,149168.58625855437,0.6663601398468018,1917425.97,50884299.23
2018-06-05 00:00:00,sell,SZ002028,14.28,133098.2442768916,133098.2442768916,0.7843849658966064,1900084.77,52781533.87
2018-06-05 00:00:00,sell,SZ000703,18.51,102627.21390951106,102627.21390951106,1.1390342712402344,1899558.5,54678243.04
2018-06-05 00:00:00,sell,SZ000981,7.34,226347.92933692367,226347.92933692367,0.8097432255744934,1662383.13,56338132.59
2018-06-05 00:00:00,sell,SZ002048,13.18,129893.88274651377,129893.88274651377,0.9500627517700195,1711659.76,58047224.87
2018-06-05 00:00:00,buy,SH600393,3.98,462294.9166206888,462294.9166206888,0.6560747027397156,1837997.88,56208307.99
2018-06-05 00:00:00,buy,SZ002410,6.18,297426.50973023084,297426.50973023084,0.22089490294456482,1836971.97,54370417.54
2018-06-06 00:00:00,sell,SH600623,3.06,620247.5495490339,620247.5495490339,0.27278879284858704,1896693.55,56264266.05
2018-06-06 00:00:00,sell,SH600566,19.15,103344.57931220593,103344.57931220593,0.3657875061035156,1978942.8,58240240.44
2018-06-06 00:00:00,sell,SH600859,9.75,194032.40563255182,194032.40563255182,0.39941972494125366,1891008.98,60128412.9
2018-06-06 00:00:00,sell,SH600393,3.99,462294.9166206888,462294.9166206888,0.6560299396514893,1843938.28,61969585.27
2018-06-06 00:00:00,buy,SZ002672,2.36,779748.673329516,779748.673329516,0.14107109606266022,1838099.91,60130566.31
2018-06-06 00:00:00,buy,SZ000062,5.49,335055.04783425847,335055.04783425847,0.23966211080551147,1839672.93,58289973.54
2018-06-06 00:00:00,buy,SH600338,8.83,208209.58261510645,208209.58261510645,0.33956170082092285,1838906.99,56450147.1
2018-06-06 00:00:00,buy,SH600270,5.59,328848.8499726914,328848.8499726914,0.260606050491333,1838265.12,54610962.85
2018-06-07 00:00:00,sell,SH601678,1.24,1573225.8724825776,1573225.8724825776,0.180144801735878,1955518.31,56563547.88
2018-06-07 00:00:00,sell,SZ000062,5.51,335055.04783425847,335055.04783425847,0.23964613676071167,1847579.79,58408356.3
2018-06-07 00:00:00,sell,SH600572,14.65,132740.56878515077,132740.56878515077,1.9850670099258423,1944622.06,60350061.43
2018-06-07 00:00:00,sell,SZ000960,5.37,369470.1946191601,369470.1946191601,0.34777170419692993,1985190.36,62332274.01
2018-06-07 00:00:00,buy,SH600623,3.11,594971.0563921308,594971.0563921308,0.27278637886047363,1850220.06,60481128.84
2018-06-07 00:00:00,buy,SZ002018,3.16,586405.538709927,586405.538709927,1.8562239408493042,1850449.9,58629753.72
2018-06-07 00:00:00,buy,SH600195,6.65,278052.7880696185,278052.7880696185,0.2841187119483948,1850179.9,56778648.73
2018-06-08 00:00:00,sell,SZ002410,6.16,297426.50973023084,297426.50973023084,0.2208927422761917,1832355.03,58608255.22
2018-06-08 00:00:00,sell,SH600536,6.4,311855.56469349936,311855.56469349936,0.30976343154907227,1996751.96,60602012.05
2018-06-08 00:00:00,sell,SZ002092,2.7,716734.0310718472,716734.0310718472,0.24416309595108032,1935499.93,62534608.73
2018-06-08 00:00:00,sell,SZ002672,2.34,779748.673329516,779748.673329516,0.14108018577098846,1828317.88,64360184.13
2018-06-08 00:00:00,buy,SZ002635,3.32,556817.0721299337,556817.0721299337,0.1645064502954483,1851235.98,62508022.54
2018-06-08 00:00:00,buy,SZ002366,1.42,1306665.3432045805,1306665.3432045805,0.08242355287075043,1852440.05,60654656.26
2018-06-08 00:00:00,buy,SH600291,7.49,247480.8537987166,247480.8537987166,0.5297379493713379,1852443.08,58801286.96
2018-06-11 00:00:00,sell,SH600884,11.08,177622.03700935116,177622.03700935116,0.4965651035308838,1968644.19,60766978.18
2018-06-11 00:00:00,sell,SZ002332,1.14,1666809.6905969614,1666809.6905969614,0.12552914023399353,1895652.75,62659787.45
2018-06-11 00:00:00,sell,SH600195,6.32,278052.7880696185,278052.7880696185,0.28416094183921814,1758011.22,64415161.66
2018-06-11 00:00:00,sell,SH600338,8.55,208209.58261510645,208209.58261510645,0.33963462710380554,1780608.36,66193099.11
2018-06-11 00:00:00,buy,SH603188,0.77,2411223.863436401,2411223.863436401,0.072826087474823,1849067.99,64343106.58
2018-06-11 00:00:00,buy,SZ000418,36.13,51153.82173474099,51153.82173474099,0.5082709193229675,1848340.04,62493842.38
2018-06-11 00:00:00,buy,SH600859,9.13,202512.94787525325,202512.94787525325,0.4054061770439148,1848071.06,60644847.29
2018-06-11 00:00:00,buy,SZ000998,20.47,90269.3153351321,90269.3153351321,0.9792917966842651,1847560.07,58796363.44
2018-06-11 00:00:00,buy,SZ002195,2.78,664957.4093026867,664957.4093026867,0.49476853013038635,1848979.99,56946458.96
2018-06-11 00:00:00,buy,SH600187,3.04,609079.2486751851,609079.2486751851,0.917286217212677,1849296.9,55096237.41
2018-06-12 00:00:00,sell,SZ002269,0.51,3456783.478932857,3456783.478932857,0.16667655110359192,1768825.72,56862409.89
2018-06-12 00:00:00,sell,SH603188,0.76,2411223.863436401,2411223.863436401,0.07281304895877838,1841714.26,58701361.58
2018-06-12 00:00:00,sell,SZ002635,3.4,556817.0721299337,556817.0721299337,0.16451972723007202,1891692.7,60590216.74
2018-06-12 00:00:00,sell,SH600426,12.99,149168.58625855437,149168.58625855437,0.6663532257080078,1938280.03,62525589.35
2018-06-12 00:00:00,sell,SZ002603,0.95,1982567.0507156702,1982567.0507156702,0.05966959893703461,1880953.79,64403721.71
2018-06-12 00:00:00,buy,SZ000596,49.64,38490.84639179932,38490.84639179932,0.5455842614173889,1910580.02,62492186.4
2018-06-12 00:00:00,buy,SH603868,2.17,882162.477295708,882162.477295708,0.04114888235926628,1910106.15,60581125.2
2018-06-12 00:00:00,buy,SH601127,2.39,799688.4574514707,799688.4574514707,0.12104713916778564,1911800.02,58668369.28
2018-06-12 00:00:00,buy,SH600737,4.84,395106.4385465469,395106.4385465469,0.5930047631263733,1911887.93,56755525.41
2018-06-13 00:00:00,sell,SH600409,10.98,164426.29875784137,164426.29875784137,1.1763783693313599,1804678.89,58557497.28
2018-06-13 00:00:00,sell,SZ000050,5.08,374545.2831471051,374545.2831471051,0.30648523569107056,1902113.32,60456757.43
2018-06-13 00:00:00,sell,SZ002050,18.41,113281.40268127753,113281.40268127753,0.986704409122467,2085726.46,62539355.3
2018-06-13 00:00:00,sell,SZ000418,37.75,51153.82173474099,51153.82173474099,0.5082598924636841,1931238.25,64467696.69
2018-06-13 00:00:00,sell,SH600270,5.51,328848.8499726914,328848.8499726914,0.26061180233955383,1813451.93,66278428.44
2018-06-13 00:00:00,buy,SZ002707,3.79,503479.10820751835,503479.10820751835,0.3591012954711914,1907440.0,64370034.72
2018-06-13 00:00:00,buy,SH600282,2.8,680868.0581752583,680868.0581752583,0.574120044708252,1907592.01,62461488.91
2018-06-13 00:00:00,buy,SZ000400,2.77,689937.6370621277,689937.6370621277,0.3226378560066223,1907681.92,60552853.15
2018-06-13 00:00:00,buy,SH600176,22.8,83680.41401398077,83680.41401398077,1.89530611038208,1907957.91,58643941.26
2018-06-13 00:00:00,buy,SH600729,10.24,186047.36151054432,186047.36151054432,0.2859486937522888,1905623.87,56737364.58
2018-06-14 00:00:00,sell,SZ002268,7.36,215187.42629904824,215187.42629904824,0.32342925667762756,1583352.32,58318341.88
2018-06-14 00:00:00,sell,SZ002707,3.98,503479.10820751835,503479.10820751835,0.35910484194755554,2003283.76,60318620.71
2018-06-14 00:00:00,sell,SZ000596,47.53,38490.84639179932,38490.84639179932,0.5455813407897949,1829510.11,62145386.56
2018-06-14 00:00:00,buy,SH603658,3.84,465375.5330452431,465375.5330452431,0.049207571893930435,1784825.92,60359668.23
2018-06-14 00:00:00,buy,SZ000426,7.64,234046.02628422252,234046.02628422252,1.0190303325653076,1788750.08,58570023.77
2018-06-14 00:00:00,buy,SZ002635,3.24,551911.3971639826,551911.3971639826,0.16451916098594666,1787851.99,56781277.85
2018-06-14 00:00:00,buy,SH600380,5.68,314932.12317039125,314932.12317039125,0.5423390865325928,1788276.04,54992107.67
2018-06-15 00:00:00,sell,SH601127,2.27,799688.4574514707,799688.4574514707,0.12106391042470932,1819124.11,56808503.09
2018-06-15 00:00:00,sell,SH600282,2.85,680868.0581752583,680868.0581752583,0.5741024017333984,1938804.48,58744399.37
2018-06-15 00:00:00,sell,SZ000998,19.0,90269.3153351321,90269.3153351321,0.9792900681495667,1714956.87,60456783.8
2018-06-15 00:00:00,buy,SZ300115,2.26,795237.7228548658,795237.7228548658,0.1731557697057724,1794231.15,58661655.54
2018-06-15 00:00:00,buy,SH600060,7.71,232713.88844460744,232713.88844460744,0.5586258769035339,1793999.94,56866758.6
2018-06-19 00:00:00,sell,SH600859,8.48,202512.94787525325,202512.94787525325,0.4053820073604584,1717429.64,58581612.1
2018-06-19 00:00:00,sell,SH600737,4.63,395106.4385465469,395106.4385465469,0.5930007100105286,1827527.42,60406398.23
2018-06-19 00:00:00,sell,SH600176,20.53,83680.41401398077,83680.41401398077,1.89534592628479,1717674.06,62121495.77
2018-06-19 00:00:00,buy,SH600438,8.74,204477.8465757359,204477.8465757359,1.3747210502624512,1787796.04,60332805.84
2018-06-19 00:00:00,buy,SZ300274,1.64,1093149.3626881447,1093149.3626881447,0.19311176240444183,1788017.09,58543894.74
2018-06-19 00:00:00,buy,SH600673,12.4,144231.45414217992,144231.45414217992,1.2285808324813843,1787947.97,56755052.79
2018-06-20 00:00:00,sell,SH600651,0.8,1928983.6416507466,1928983.6416507466,0.2054968774318695,1545960.4,58298694.24
2018-06-20 00:00:00,sell,SZ002195,2.61,664957.4093026867,664957.4093026867,0.494801789522171,1737236.87,60033325.26
2018-06-20 00:00:00,sell,SZ300115,2.03,795237.7228548658,795237.7228548658,0.17315518856048584,1611084.53,61641993.16
2018-06-20 00:00:00,sell,SH600380,6.06,314932.12317039125,314932.12317039125,0.5422889590263367,1907659.7,63546791.37
2018-06-20 00:00:00,buy,SH600765,6.89,265304.1454943754,265304.1454943754,0.8314985036849976,1828774.02,61717102.97
2018-06-20 00:00:00,buy,SZ002368,1.57,1163613.3414644343,1163613.3414644343,0.06290749460458755,1827072.06,59889117.37
2018-06-20 00:00:00,buy,SZ300199,4.14,442143.54611570644,442143.54611570644,0.28429681062698364,1828935.16,58059267.74
2018-06-20 00:00:00,buy,SH600801,10.92,167541.86978003025,167541.86978003025,0.6887830495834351,1829090.03,56229263.16
2018-06-21 00:00:00,sell,SH603868,1.98,882162.477295708,882162.477295708,0.04114431142807007,1748013.81,57974654.95
2018-06-21 00:00:00,sell,SH600801,10.9,167541.86978003025,167541.86978003025,0.6887586712837219,1826717.45,59798632.33
2018-06-21 00:00:00,sell,SH603658,3.99,465375.5330452431,465375.5330452431,0.04920439049601555,1857069.96,61652916.68
2018-06-21 00:00:00,sell,SH600187,2.55,609079.2486751851,609079.2486751851,0.9170128703117371,1552723.09,63203310.68
2018-06-21 00:00:00,buy,SZ300010,1.65,1100930.273096124,1100930.273096124,0.1536882072687149,1818899.89,61383501.34
2018-06-21 00:00:00,buy,SH600651,0.74,2445779.433371613,2445779.433371613,0.2054968625307083,1819411.97,59563179.67
2018-06-21 00:00:00,buy,SZ002354,1.38,1315320.8203410367,1315320.8203410367,0.1597328931093216,1819466.13,57742803.81
2018-06-21 00:00:00,buy,SZ002050,17.27,105296.7948060066,105296.7948060066,0.9867346882820129,1818249.95,55923644.73
2018-06-22 00:00:00,sell,SH600060,7.42,232713.88844460744,232713.88844460744,0.558617889881134,1727675.29,57648728.51
2018-06-22 00:00:00,sell,SZ002635,2.74,551911.3971639826,551911.3971639826,0.16534465551376343,1513930.35,59160387.96
2018-06-22 00:00:00,sell,SH600765,6.16,265304.1454943754,265304.1454943754,0.8315398097038269,1634727.28,60792663.15
2018-06-22 00:00:00,sell,SZ000400,2.46,689937.6370621277,689937.6370621277,0.32336315512657166,1700025.08,62490138.19
2018-06-22 00:00:00,buy,SH603198,1.25,1434416.4470441723,1434416.4470441723,0.064625583589077,1797452.94,60691786.52
2018-06-22 00:00:00,buy,SH603369,2.44,736864.1747582831,736864.1747582831,0.10761820524930954,1797730.96,58893156.7
2018-06-22 00:00:00,buy,SH600282,2.76,651508.0024853058,651508.0024853058,0.5740528106689453,1798939.98,57093317.25
2018-06-22 00:00:00,buy,SH600536,5.12,350909.5752987579,350909.5752987579,0.30976641178131104,1797897.88,55294520.42
2018-06-25 00:00:00,sell,SZ300199,3.88,442143.54611570644,442143.54611570644,0.28428909182548523,1715758.41,57007705.19
2018-06-25 00:00:00,sell,SH600729,9.96,186047.36151054432,186047.36151054432,0.28594303131103516,1852919.24,58857845.05
2018-06-25 00:00:00,sell,SZ002353,1.83,868446.1345589448,868446.1345589448,0.12055955082178116,1585150.07,60440617.4
2018-06-25 00:00:00,sell,SH600673,12.26,144231.45414217992,144231.45414217992,1.228520393371582,1768368.99,62206333.84
2018-06-25 00:00:00,sell,SZ002354,1.44,1315320.8203410367,1315320.8203410367,0.1597275584936142,1897139.54,64100627.67
2018-06-25 00:00:00,buy,SZ002038,40.24,45838.518243050945,45838.518243050945,1.099511981010437,1844639.97,62255065.37
2018-06-25 00:00:00,buy,SZ000528,6.59,279698.6235614783,279698.6235614783,0.6621412634849548,1844591.96,60409551.12
2018-06-25 00:00:00,buy,SZ002250,3.86,477812.93180552655,477812.93180552655,0.4505947530269623,1845121.01,58563507.55
2018-06-26 00:00:00,sell,SH600291,6.89,247480.8537987166,247480.8537987166,0.529731810092926,1704280.17,60265231.3
2018-06-26 00:00:00,sell,SZ002050,17.85,105296.7948060066,105296.7948060066,0.9867330193519592,1879547.83,62141959.81
2018-06-26 00:00:00,sell,SH603369,2.59,736864.1747582831,736864.1747582831,0.10762114822864532,1905631.05,64044732.41
2018-06-26 00:00:00,sell,SZ000528,6.76,279698.6235614783,279698.6235614783,0.6621140241622925,1890814.24,65932710.42
2018-06-26 00:00:00,sell,SH603198,1.28,1434416.4470441723,1434416.4470441723,0.06462797522544861,1834600.92,67764559.44
2018-06-26 00:00:00,buy,SZ300291,1.03,1781918.3340305316,1781918.3340305316,0.14619076251983643,1839129.95,65924509.92
2018-06-26 00:00:00,buy,SZ300055,1.1,1668587.8993868432,1668587.8993868432,0.09762746095657349,1839140.91,64084449.44
2018-06-26 00:00:00,buy,SH600316,4.65,395883.27278272604,395883.27278272604,0.5077254176139832,1839150.0,62244379.86
2018-06-26 00:00:00,buy,SH600517,8.85,207728.53000476683,207728.53000476683,2.3737711906433105,1839263.09,60404197.14
2018-06-27 00:00:00,sell,SH600623,2.71,594971.0563921308,594971.0563921308,0.2753230631351471,1611883.05,62013662.36
2018-06-27 00:00:00,sell,SZ300291,1.01,1781918.3340305316,1781918.3340305316,0.14618231356143951,1797346.27,63808312.62
2018-06-27 00:00:00,sell,SH600438,9.49,204477.8465757359,204477.8465757359,1.3748480081558228,1939769.1,65745172.07
2018-06-27 00:00:00,sell,SZ300010,1.77,1100930.273096124,1100930.273096124,0.15368759632110596,1945792.33,67688045.71
2018-06-27 00:00:00,sell,SZ300055,1.12,1668587.8993868432,1668587.8993868432,0.09762685000896454,1863564.42,69548814.78
2018-06-27 00:00:00,buy,SZ000156,2.81,654202.268691759,654202.268691759,0.28920719027519226,1835240.02,67712657.14
2018-06-27 00:00:00,buy,SZ300182,3.31,554868.3358041082,554868.3358041082,0.4566849172115326,1834616.04,65877123.79
2018-06-27 00:00:00,buy,SZ300166,5.37,341539.5374934626,341539.5374934626,0.38794922828674316,1835125.04,64041081.19
2018-06-27 00:00:00,buy,SZ002285,3.38,543345.6859710355,543345.6859710355,0.5412760376930237,1835184.03,62204979.57
2018-06-28 00:00:00,sell,SZ002368,1.75,1163613.3414644343,1163613.3414644343,0.06344064325094223,2039657.05,64241577.13
2018-06-28 00:00:00,sell,SZ002250,3.82,477812.93180552655,477812.93180552655,0.45062413811683655,1825863.15,66064701.49
2018-06-28 00:00:00,sell,SZ300274,1.68,1093149.3626881447,1093149.3626881447,0.19310477375984192,1836503.51,67898450.25
2018-06-28 00:00:00,sell,SH600536,6.09,350909.5752987579,350909.5752987579,0.30974456667900085,2136891.45,70032136.36
2018-06-28 00:00:00,sell,SZ000156,2.7,654202.268691759,654202.268691759,0.28899088501930237,1767697.05,71797181.86
2018-06-28 00:00:00,buy,SZ300383,4.47,412391.74971040327,412391.74971040327,0.36664167046546936,1843127.93,69953132.37
2018-06-28 00:00:00,buy,SH600801,9.99,184536.223256912,184536.223256912,0.6887536644935608,1842949.97,68109260.93
2018-06-28 00:00:00,buy,SH603169,3.31,556215.8832282008,556215.8832282008,0.6722210049629211,1843326.96,66265012.3
2018-06-28 00:00:00,buy,SZ000662,1.7,1081538.695539218,1081538.695539218,0.2826528549194336,1843370.88,64420719.74
2018-06-28 00:00:00,buy,SH600673,12.14,151800.132600399,151800.132600399,1.2285891771316528,1842620.01,62577178.42
2018-06-28 00:00:00,buy,SZ000806,1.59,1158509.202422246,1158509.202422246,0.38247430324554443,1843295.96,60732960.82
2018-06-29 00:00:00,sell,SH600673,12.69,151800.132600399,151800.132600399,1.2285089492797852,1926419.19,62656490.37
2018-06-29 00:00:00,sell,SH600282,2.54,651508.0024853058,651508.0024853058,0.5740528106689453,1653080.02,64307090.78
2018-06-29 00:00:00,sell,SH603169,3.37,556215.8832282008,556215.8832282008,0.6722093224525452,1873206.35,66177487.32
2018-06-29 00:00:00,sell,SH600517,9.02,207728.53000476683,207728.53000476683,2.438375949859619,1874124.88,68048801.01
2018-06-29 00:00:00,buy,SH600380,6.43,279169.64310031047,279169.64310031047,0.54232257604599,1795604.01,66252299.19
2018-06-29 00:00:00,buy,SZ000401,3.74,480043.24130230397,480043.24130230397,0.4216286838054657,1795287.91,64456113.64
2018-06-29 00:00:00,buy,SZ300273,1.22,1472364.7985841776,1472364.7985841776,0.17984673380851746,1795343.96,62659872.01
2018-06-29 00:00:00,buy,SH600765,6.2,289395.15883112827,289395.15883112827,0.8338080048561096,1795272.05,60863702.32
2018-06-29 00:00:00,buy,SZ002400,1.35,1329650.0107674163,1329650.0107674163,0.4180799424648285,1795556.96,59067247.58
2018-07-02 00:00:00,sell,SZ000662,1.77,1081538.695539218,1081538.695539218,0.2826502323150635,1916721.3,60981093.8
2018-07-02 00:00:00,sell,SZ000816,2.19,774595.3207620588,774595.3207620588,1.3922444581985474,1693128.79,62671682.9
2018-07-02 00:00:00,sell,SH600651,0.78,2445779.433371613,2445779.433371613,0.20549683272838593,1914905.77,64583716.31
2018-07-02 00:00:00,sell,SZ002018,2.62,586405.538709927,586405.538709927,1.856604814529419,1535099.97,66116513.63
2018-07-02 00:00:00,sell,SH600765,6.14,289395.15883112827,289395.15883112827,0.8337830901145935,1778327.86,67892174.0
2018-07-02 00:00:00,buy,SZ300113,2.87,642111.5781983265,642111.5781983265,0.16321150958538055,1841335.98,66049917.35
2018-07-02 00:00:00,buy,SH600151,2.07,889671.7918640368,889671.7918640368,0.5310947299003601,1842750.06,64206245.92
2018-07-02 00:00:00,buy,SH600884,10.96,167901.82198118547,167901.82198118547,0.4979100227355957,1840872.01,62364453.47
2018-07-02 00:00:00,buy,SZ002233,1.61,1147146.7198456037,1147146.7198456037,0.1447068601846695,1842599.96,60520932.21
2018-07-02 00:00:00,buy,SH601000,1.42,1298744.5844338012,1298744.5844338012,0.6037368774414062,1842635.12,58677375.77
2018-07-03 00:00:00,sell,SZ300113,2.98,642111.5781983265,642111.5781983265,0.16321240365505219,1912610.56,60587117.41
2018-07-03 00:00:00,sell,SZ300182,3.52,554868.3358041082,554868.3358041082,0.45669063925743103,1951204.42,62535395.03
2018-07-03 00:00:00,sell,SH600380,6.46,279169.64310031047,279169.64310031047,0.5423125624656677,1803140.65,64335830.97
2018-07-03 00:00:00,sell,SZ002233,1.6,1147146.7198456037,1147146.7198456037,0.14474698901176453,1839790.15,66172861.43
2018-07-03 00:00:00,buy,SZ002699,5.56,322745.4424397358,322745.4424397358,0.346403032541275,1795508.06,64376455.61
2018-07-03 00:00:00,buy,SZ002426,1.0,1788211.7344376296,1788211.7344376296,0.2894511818885803,1796072.01,62579485.57
2018-07-03 00:00:00,buy,SZ000636,5.73,313172.13875405747,313172.13875405747,0.327615350484848,1795500.03,60783087.79
2018-07-03 00:00:00,buy,SZ000807,5.26,341560.13711399614,341560.13711399614,1.0370062589645386,1795794.01,58986395.88
2018-07-03 00:00:00,buy,SH603369,2.39,751739.4064297444,751739.4064297444,0.1076170802116394,1795170.92,57190327.38
2018-07-03 00:00:00,buy,SZ300315,2.14,840196.4490557662,840196.4490557662,0.5089285969734192,1795919.95,55393509.47
2018-07-03 00:00:00,buy,SH600256,6.0,299579.42025574885,299579.42025574885,1.4730651378631592,1796091.01,53596520.41
2018-07-04 00:00:00,sell,SZ002426,1.0,1788211.7344376296,1788211.7344376296,0.2893349528312683,1790176.75,55384011.89
2018-07-04 00:00:00,sell,SZ002699,5.37,322745.4424397358,322745.4424397358,0.3463824391365051,1732797.03,57114209.72
2018-07-04 00:00:00,sell,SZ000806,1.63,1158509.202422246,1158509.202422246,0.3824191093444824,1882903.11,58994288.47
2018-07-04 00:00:00,sell,SZ300383,5.07,412391.74971040327,412391.74971040327,0.3666321039199829,2091041.57,61082193.48
2018-07-04 00:00:00,buy,SZ000860,12.39,146344.5114181617,146344.5114181617,0.34849274158477783,1812540.03,59268747.18
2018-07-04 00:00:00,buy,SH603198,1.12,1618396.200556904,1618396.200556904,0.064631886780262,1812717.97,57455122.85
2018-07-04 00:00:00,buy,SZ300032,0.8,2255127.590157259,2255127.590157259,0.15054580569267273,1812930.01,55641286.38
2018-07-04 00:00:00,buy,SZ300376,4.23,428199.3867326056,428199.3867326056,0.8570773601531982,1812979.96,53827399.93
2018-07-04 00:00:00,buy,SH600859,7.99,226943.27829072074,226943.27829072074,0.40538763999938965,1812400.09,52014093.64
2018-07-05 00:00:00,sell,SH600884,9.91,167901.82198118547,167901.82198118547,0.4979062080383301,1663627.29,53675225.49
2018-07-05 00:00:00,sell,SH600256,5.8,299579.42025574885,299579.42025574885,1.4730924367904663,1738754.21,55411371.57
2018-07-05 00:00:00,sell,SH600801,10.19,184536.223256912,184536.223256912,0.6887271404266357,1879736.63,57288288.6
2018-07-05 00:00:00,sell,SZ000636,5.28,313172.13875405747,313172.13875405747,0.32760897278785706,1654905.79,58940712.03
2018-07-05 00:00:00,sell,SZ000587,9.99,93000.22868987339,93000.22868987339,2.6925504207611084,929012.93,59868331.44
2018-07-05 00:00:00,buy,SZ002428,0.64,2886691.9638475473,2886691.9638475473,0.08729715645313263,1834559.89,58032854.27
2018-07-05 00:00:00,buy,SH600503,3.62,507193.61612923443,507193.61612923443,0.9775359630584717,1834459.99,56197477.05
2018-07-05 00:00:00,buy,SZ300116,0.48,3796862.700601827,3796862.700601827,0.19803191721439362,1834636.07,54361923.66
2018-07-05 00:00:00,buy,SZ300182,3.2,573046.7185140298,573046.7185140298,0.4566817879676819,1834516.95,52526489.45
2018-07-05 00:00:00,buy,SZ300297,2.23,822098.2583493189,822098.2583493189,0.286827027797699,1834524.15,50691048.05
2018-07-05 00:00:00,buy,SZ300055,1.06,1724827.8889841095,1724827.8889841095,0.09763292968273163,1833876.07,48856255.04
2018-07-05 00:00:00,buy,SZ002048,11.02,166422.90289391924,166422.90289391924,0.9499894380569458,1833959.99,47021378.06
2018-07-06 00:00:00,sell,SZ300032,0.77,2255127.590157259,2255127.590157259,0.15056653320789337,1735083.88,48753859.32
2018-07-06 00:00:00,sell,SH601000,1.42,1298744.5844338012,1298744.5844338012,0.6037368774414062,1842635.12,50593730.49
2018-07-06 00:00:00,sell,SZ300116,0.47,3796862.700601827,3796862.700601827,0.19804100692272186,1789604.1,52380650.18
2018-07-06 00:00:00,sell,SH603369,2.14,751739.4064297444,751739.4064297444,0.10760577768087387,1608931.93,53987168.71
2018-07-06 00:00:00,sell,SZ000807,4.91,341560.13711399614,341560.13711399614,1.0371010303497314,1675519.16,55660174.59
2018-07-06 00:00:00,buy,SZ000592,6.33,287991.58238372323,287991.58238372323,2.2938170433044434,1823256.13,53836006.84
2018-07-06 00:00:00,buy,SZ000021,2.05,888817.9896034475,888817.9896034475,0.3052368462085724,1823135.97,52011959.3
2018-07-06 00:00:00,buy,SH600525,9.73,187476.8927768539,187476.8927768539,0.9985230565071106,1823328.0,50187719.64
2018-07-06 00:00:00,buy,SZ002261,1.44,1266768.0429958985,1266768.0429958985,0.3270527720451355,1822920.15,48363888.03
2018-07-06 00:00:00,buy,SZ002129,1.91,953086.6092991369,953086.6092991369,0.24216057360172272,1823320.0,46539656.37
2018-07-09 00:00:00,sell,SZ000401,3.93,480043.2413023039,480043.2413023039,0.42166540026664734,1888556.5,48425380.04
2018-07-09 00:00:00,sell,SZ300297,2.33,822098.2583493189,822098.2583493189,0.28682613372802734,1914689.97,50337197.97
2018-07-09 00:00:00,sell,SZ300166,5.81,341539.5374934626,341539.5374934626,0.38795700669288635,1983564.76,52317787.39
2018-07-09 00:00:00,sell,SZ300182,3.07,573046.7185140298,573046.7185140298,0.45668137073516846,1758622.45,54073771.91
2018-07-09 00:00:00,sell,SZ002400,1.4,1329650.0107674163,1329650.0107674163,0.4180717170238495,1856669.35,55927656.25
2018-07-09 00:00:00,buy,SZ000807,5.03,364258.95884697256,364258.95884697256,1.0368996858596802,1831845.03,54094895.3
2018-07-09 00:00:00,buy,SZ002268,6.69,273620.6066896259,273620.6066896259,0.3234405517578125,1831064.9,52262914.86
2018-07-09 00:00:00,buy,SH600640,2.26,809446.9825938599,809446.9825938599,0.23015713691711426,1831329.06,50430670.13
2018-07-10 00:00:00,sell,SZ000021,2.1,888817.9896034475,888817.9896034475,0.30525287985801697,1863928.99,52291803.23
2018-07-10 00:00:00,sell,SZ002038,40.65,45838.518243050945,45838.518243050945,1.0995018482208252,1863270.96,54152279.29
2018-07-10 00:00:00,sell,SZ000860,13.08,146344.5114181617,146344.5114181617,0.3484920859336853,1914026.26,56063434.51
2018-07-10 00:00:00,sell,SH600859,8.19,226943.27829072074,226943.27829072074,0.4054190218448639,1858543.72,57919190.41
2018-07-10 00:00:00,sell,SH603198,1.14,1618396.200556904,1618396.200556904,0.06463052332401276,1845104.96,59761527.71
2018-07-10 00:00:00,buy,SZ300156,0.85,2165086.161518998,2165086.161518998,0.13773123919963837,1830947.87,57929664.37
2018-07-10 00:00:00,buy,SH600618,1.63,1122464.146017466,1122464.146017466,0.1967991590499878,1831260.92,56097487.82
2018-07-10 00:00:00,buy,SZ002332,1.12,1632587.717080981,1632587.717080981,0.12556752562522888,1830649.97,54265922.53
2018-07-10 00:00:00,buy,SZ002354,1.43,1279286.4821373704,1279286.4821373704,0.16008923947811127,1830911.95,52434095.13
2018-07-10 00:00:00,buy,SZ000758,3.77,485216.1526501506,485216.1526501506,0.8385953307151794,1831050.01,50602129.59
2018-07-10 00:00:00,buy,SZ300287,5.46,335219.36998813465,335219.36998813465,0.7848591804504395,1831175.96,48770038.04
2018-07-11 00:00:00,sell,SH600316,4.68,395883.27278272604,395883.27278272604,0.5077080130577087,1851146.45,50618407.77
2018-07-11 00:00:00,sell,SZ000592,6.24,287991.58238372323,287991.58238372323,2.293165445327759,1796321.6,52412034.88
2018-07-11 00:00:00,sell,SZ002048,11.31,166422.90289391924,166422.90289391924,0.9500681161880493,1881545.72,54290758.28
2018-07-11 00:00:00,sell,SZ002261,1.43,1266768.0429958985,1266768.0429958985,0.3270198404788971,1806165.99,56094215.02
2018-07-11 00:00:00,sell,SZ300055,1.09,1724827.8889841095,1724827.8889841095,0.09762877970933914,1877580.27,57968978.92
2018-07-11 00:00:00,buy,SZ002276,0.82,2243693.905843322,2243693.905843322,0.14476127922534943,1835120.06,56132941.3
2018-07-11 00:00:00,buy,SH601689,1.24,1484287.2000833498,1484287.2000833498,0.0628584548830986,1834277.92,54297746.24
2018-07-11 00:00:00,buy,SZ002400,1.3,1411569.3801934205,1411569.3801934205,0.41811618208885193,1835521.89,52461306.59
2018-07-11 00:00:00,buy,SH600970,4.22,435198.9366052166,435198.9366052166,0.680148720741272,1835200.09,50625188.9
2018-07-12 00:00:00,sell,SH600640,2.26,809446.9825938599,809446.9825938599,0.23015713691711426,1831329.06,52453770.97
2018-07-12 00:00:00,sell,SZ002332,1.15,1632587.717080981,1632587.717080981,0.12554778158664703,1879554.37,54330506.01
2018-07-12 00:00:00,sell,SZ300273,1.18,1472364.7985841776,1472364.7985841776,0.17981445789337158,1734128.71,56062033.52
2018-07-12 00:00:00,sell,SZ300287,5.36,335219.36998813465,335219.36998813465,0.7921623587608337,1797761.15,57857098.03
2018-07-12 00:00:00,sell,SZ002354,1.36,1279286.4821373704,1279286.4821373704,0.160117968916893,1741112.49,59595598.85
2018-07-12 00:00:00,buy,SZ000488,3.13,582687.1159417821,582687.1159417821,0.2624049782752991,1825625.91,57769060.12
2018-07-12 00:00:00,buy,SZ000587,9.24,197715.28590899907,197715.28590899907,2.692760944366455,1826131.96,55942015.1
2018-07-12 00:00:00,buy,SH600179,5.33,342487.97639936936,342487.97639936936,0.5220621228218079,1825547.93,54115554.4
2018-07-12 00:00:00,buy,SZ002399,0.45,4097852.117665583,4097852.117665583,0.020962201058864594,1825374.95,52289266.76
2018-07-12 00:00:00,buy,SZ300116,0.45,4080064.3441710877,4080064.3441710877,0.19806060194969177,1826306.02,50462047.59
2018-07-13 00:00:00,sell,SZ002285,3.4,543345.6859710355,543345.6859710355,0.5412707328796387,1846929.75,52306206.95
2018-07-13 00:00:00,sell,SZ300376,4.46,428199.3867326056,428199.3867326056,0.857039213180542,1908315.1,54211659.58
2018-07-13 00:00:00,sell,SH600618,1.63,1122464.146017466,1122464.146017466,0.1967991590499878,1831260.92,56040173.61
2018-07-13 00:00:00,sell,SZ002129,1.98,953086.6092991369,953086.6092991369,0.24219080805778503,1885871.38,57923216.18
2018-07-13 00:00:00,sell,SZ002399,0.46,4097852.117665583,4097852.117665583,0.020962296053767204,1877782.54,59798182.05
2018-07-13 00:00:00,buy,SZ000547,11.12,164818.32411643036,164818.32411643036,1.4270257949829102,1832208.07,57965057.88
2018-07-13 00:00:00,buy,SZ300291,0.98,1861794.188770528,1861794.188770528,0.14620305597782135,1831906.1,56132235.82
2018-07-13 00:00:00,buy,SZ300002,0.59,3101735.1085828403,3101735.1085828403,0.14956144988536835,1832405.04,54298914.57
2018-07-13 00:00:00,buy,SZ002354,1.48,1237472.8356131115,1237472.8356131115,0.1600843220949173,1832424.88,52465573.48
2018-07-13 00:00:00,buy,SZ300274,1.57,1167207.31137264,1167207.31137264,0.19311051070690155,1832502.04,50632155.18
2018-07-13 00:00:00,buy,SZ002544,2.88,636416.979193812,636416.979193812,0.20819683372974396,1831150.0,48800089.61
2018-07-13 00:00:00,buy,SZ300418,2.64,693868.8309855303,693868.8309855303,0.13619288802146912,1832354.91,46966818.52
2018-07-16 00:00:00,sell,SZ000758,3.71,485216.1526501506,485216.1526501506,0.8385677933692932,1802507.86,48766622.62
2018-07-16 00:00:00,sell,SH601689,1.26,1484287.2000833498,1484287.2000833498,0.06286154687404633,1863292.67,50627120.36
2018-07-16 00:00:00,sell,SZ002276,0.85,2243693.905843322,2243693.905843322,0.1447746753692627,1903504.17,52527769.26
2018-07-16 00:00:00,sell,SZ300315,2.11,840196.4490557662,840196.4490557662,0.5101896524429321,1770363.92,54295477.64
2018-07-16 00:00:00,buy,SH600158,6.35,280028.07985777064,280028.07985777064,0.5792276263237,1777712.0,52516876.79
2018-07-16 00:00:00,buy,SZ002509,0.9,1982163.6020091232,1982163.6020091232,0.3546629548072815,1778590.09,50737397.4
2018-07-16 00:00:00,buy,SZ002657,1.36,1305433.0306518367,1305433.0306518367,0.09077447652816772,1777500.08,48959008.57
2018-07-16 00:00:00,buy,SH600760,25.84,68786.15384141634,68786.15384141634,0.6774619221687317,1777324.02,47180795.89
2018-07-16 00:00:00,buy,SZ000806,1.53,1159712.8008951398,1159712.8008951398,0.3824222683906555,1778435.01,45401471.66
2018-07-17 00:00:00,sell,SZ002544,2.88,636416.979193812,636416.979193812,0.20820751786231995,1833894.1,47232614.92
2018-07-17 00:00:00,sell,SZ002366,1.2,1306665.3432045805,1306665.3432045805,0.0824294239282608,1564992.49,48795259.92
2018-07-17 00:00:00,sell,SH600503,4.1,507193.61612923443,507193.61612923443,0.9779003858566284,2078176.43,50870319.08
2018-07-17 00:00:00,sell,SZ002354,1.35,1237472.8356131115,1237472.8356131115,0.1600848138332367,1675931.17,52543736.36
2018-07-17 00:00:00,buy,SH600801,11.92,149396.13099727227,149396.13099727227,0.6887728571891785,1781198.97,50761646.78
2018-07-17 00:00:00,buy,SZ002517,1.68,1058557.575539343,1058557.575539343,0.2598819434642792,1782648.07,48978107.39
2018-07-17 00:00:00,buy,SZ300055,1.09,1638753.1195686911,1638753.1195686911,0.09824542701244354,1782269.98,47194946.27
2018-07-18 00:00:00,sell,SH600158,7.07,280028.07985777064,280028.07985777064,0.5791979432106018,1980360.59,49172336.32
2018-07-18 00:00:00,sell,SZ300002,0.61,3101735.1085828403,3101735.1085828403,0.14955055713653564,1897212.85,51066703.36
2018-07-18 00:00:00,sell,SZ300291,0.98,1861794.188770528,1861794.188770528,0.14618466794490814,1823510.55,52887478.64
2018-07-18 00:00:00,sell,SH600801,11.58,149396.13099727227,149396.13099727227,0.6887614130973816,1730749.34,54615631.85
2018-07-18 00:00:00,sell,SZ000587,9.34,197715.28590899907,197715.28590899907,2.692378520965576,1847165.56,56460026.67
2018-07-18 00:00:00,buy,SH600426,12.29,150371.90905966674,150371.90905966674,0.666347861289978,1848689.98,54610412.34
2018-07-18 00:00:00,buy,SZ002110,1.92,960850.3361184228,960850.3361184228,0.11083932220935822,1848839.98,52760647.94
2018-07-18 00:00:00,buy,SH600329,9.31,198626.6536061891,198626.6536061891,0.44505608081817627,1848444.03,50911279.69
2018-07-19 00:00:00,sell,SZ002509,0.96,1982163.6020091232,1982163.6020091232,0.3546787202358246,1905214.77,52813636.64
2018-07-19 00:00:00,sell,SH600151,2.1,889671.7918640368,889671.7918640368,0.5312029123306274,1871481.15,54682310.57
2018-07-19 00:00:00,sell,SZ002428,0.64,2886691.9638475473,2886691.9638475473,0.08729062229394913,1836942.4,56516497.56
2018-07-19 00:00:00,sell,SZ000806,1.51,1159712.8008951398,1159712.8008951398,0.3824231028556824,1751828.81,58265698.63
2018-07-19 00:00:00,sell,SZ300156,0.83,2165086.161518998,2165086.161518998,0.13772350549697876,1789099.54,60052114.51
2018-07-19 00:00:00,buy,SH603228,1.72,1065492.436170185,1065492.436170185,0.030690034851431847,1835777.98,58215418.64
2018-07-19 00:00:00,buy,SZ000661,67.99,26941.968866263545,26941.968866263545,0.2820877730846405,1831827.98,56382674.75
2018-07-19 00:00:00,buy,SH603225,0.76,2425142.0281281187,2425142.0281281187,0.03669888153672218,1838739.91,54543015.46
2018-07-19 00:00:00,buy,SZ000977,16.49,111508.47421633675,111508.47421633675,0.6618331074714661,1839095.87,52703000.04
2018-07-19 00:00:00,buy,SH603885,2.69,685060.2342140225,685060.2342140225,0.18158987164497375,1839876.03,50862204.08
2018-07-19 00:00:00,buy,SH600201,19.51,94345.77637137937,94345.77637137937,1.2337595224380493,1840283.93,49021000.0
2018-07-20 00:00:00,sell,SZ300274,1.5,1167207.31137264,1167207.31137264,0.1931024193763733,1746776.82,50765156.66
2018-07-20 00:00:00,sell,SH600970,4.42,435198.9366052166,435198.9366052166,0.6802079081535339,1924167.44,52686437.85
2018-07-20 00:00:00,sell,SZ300055,1.09,1638753.1195686911,1638753.1195686911,0.09824640303850174,1793557.77,54477305.28
2018-07-20 00:00:00,sell,SH603228,1.73,1065492.436170185,1065492.436170185,0.03068678453564644,1844084.61,56318623.77
2018-07-20 00:00:00,sell,SH603225,0.77,2425142.0281281187,2425142.0281281187,0.03669801726937294,1862726.21,58178555.89
2018-07-20 00:00:00,buy,SZ002841,3.59,511738.8413704746,511738.8413704746,0.05901447683572769,1837972.05,56339664.85
2018-07-20 00:00:00,buy,SH600393,2.03,907434.1904686093,907434.1904686093,0.6858899593353271,1842304.05,54496439.65
2018-07-20 00:00:00,buy,SZ300182,3.11,591437.6840939547,591437.6840939547,0.45668378472328186,1842081.91,52653436.7
2018-07-20 00:00:00,buy,SZ000031,3.97,464262.21883348323,464262.21883348323,0.6840961575508118,1842079.99,50810435.66
2018-07-20 00:00:00,buy,SH600380,6.93,265692.70817581157,265692.70817581157,0.5506361126899719,1841916.95,48967597.76
2018-07-23 00:00:00,sell,SZ002110,2.15,960850.3361184228,960850.3361184228,0.1108456403017044,2061957.47,51026462.29
2018-07-23 00:00:00,sell,SZ002841,3.6,511738.8413704746,511738.8413704746,0.0590163916349411,1842259.78,52865958.68
2018-07-23 00:00:00,sell,SH600179,5.3,342487.97639936936,342487.97639936936,0.522249698638916,1813683.39,54676921.55
2018-07-23 00:00:00,sell,SZ002657,1.4,1305433.0306518367,1305433.0306518367,0.09077964723110199,1830929.32,56505104.47
2018-07-23 00:00:00,sell,SH600380,6.6,265692.70817581157,265692.70817581157,0.5506458878517151,1752705.15,58255180.56
2018-07-23 00:00:00,buy,SZ300273,1.16,1587680.3806803906,1587680.3806803906,0.17982208728790283,1844329.96,56409928.43
2018-07-23 00:00:00,buy,SZ000039,1.99,927015.5824997405,927015.5824997405,0.15911275148391724,1843749.97,54565256.59
2018-07-23 00:00:00,buy,SZ300287,5.43,339473.60387569654,339473.60387569654,0.7921087145805359,1844654.08,52719680.18
2018-07-23 00:00:00,buy,SH600053,6.5,283406.2267219018,283406.2267219018,0.3860183358192444,1843390.1,50875368.38
2018-07-24 00:00:00,sell,SZ000031,4.14,464262.21883348323,464262.21883348323,0.684089183807373,1921460.42,52793946.61
2018-07-24 00:00:00,sell,SZ000661,57.83,26941.968866263545,26941.968866263545,0.2820865511894226,1557993.27,54349602.89
2018-07-24 00:00:00,sell,SH600201,20.81,94345.77637137937,94345.77637137937,1.2337353229522705,1963629.41,56310286.86
2018-07-24 00:00:00,sell,SH600426,12.85,150371.90905966674,150371.90905966674,0.6663491725921631,1931859.77,58239248.84
2018-07-24 00:00:00,buy,SZ300001,2.3,775920.0172928938,775920.0172928938,0.15710382163524628,1784616.0,56453740.53
2018-07-24 00:00:00,buy,SH600216,11.6,153773.1059114105,153773.1059114105,0.9032788872718811,1783476.11,54669372.68
2018-07-24 00:00:00,buy,SZ300274,1.6,1111935.5624255324,1111935.5624255324,0.19308672845363617,1784157.01,52884323.6
2018-07-24 00:00:00,buy,SH603328,1.15,1550225.3264370663,1550225.3264370663,0.09734068810939789,1783638.0,51099793.78
2018-07-24 00:00:00,buy,SH600754,8.2,217303.8117923524,217303.8117923524,0.2443583458662033,1782036.07,49316866.69
2018-07-25 00:00:00,sell,SH600216,11.43,153773.1059114105,153773.1059114105,0.9032120704650879,1756954.99,51071186.25
2018-07-25 00:00:00,sell,SZ300001,2.31,775920.0172928938,775920.0172928938,0.15709783136844635,1793080.58,52861577.2
2018-07-25 00:00:00,sell,SZ000488,3.35,582687.1159417821,582687.1159417821,0.2624165713787079,1951090.17,54809740.73
2018-07-25 00:00:00,sell,SZ000807,5.78,364258.95884697256,364258.95884697256,1.036968469619751,2103928.66,56910513.5
2018-07-25 00:00:00,sell,SZ000977,18.14,111508.47421633675,111508.47421633675,0.6618494391441345,2022907.86,58930387.0
2018-07-25 00:00:00,buy,SZ002013,32.23,57882.00188298822,57882.00188298822,3.6177048683166504,1865753.94,57063700.18
2018-07-25 00:00:00,buy,SZ000563,5.01,372727.49958953867,372727.49958953867,1.5893648862838745,1866060.14,55196707.01
2018-07-25 00:00:00,buy,SH600280,12.63,147728.44836954866,147728.44836954866,1.3294663429260254,1865800.04,53329974.07
2018-07-25 00:00:00,buy,SZ002410,6.38,292447.35787483735,292447.35787483735,0.220894455909729,1865648.09,51463393.16
2018-07-25 00:00:00,buy,SH600458,6.6,282845.6027183564,282845.6027183564,0.7290196418762207,1866109.97,49596350.14
2018-07-26 00:00:00,sell,SH600760,26.1,68786.15384141634,68786.15384141634,0.6774516105651855,1795470.57,51389127.5
2018-07-26 00:00:00,sell,SZ000563,5.1,372727.49958953867,372727.49958953867,1.5891610383987427,1901360.23,53287635.68
2018-07-26 00:00:00,sell,SH600393,2.27,907434.1904686093,907434.1904686093,0.6859809756278992,2060417.55,55344962.61
2018-07-26 00:00:00,sell,SZ300418,2.62,693868.8309855303,693868.8309855303,0.13618779182434082,1818111.95,57160347.39
2018-07-26 00:00:00,sell,SZ300287,5.32,339473.60387569654,339473.60387569654,0.7921037077903748,1804307.57,58961948.49
2018-07-26 00:00:00,buy,SZ300058,2.83,659108.9423926373,659108.9423926373,0.4712422788143158,1866706.07,57094309.07
2018-07-26 00:00:00,buy,SZ300134,1.0,1862320.7875820892,1862320.7875820892,0.0818333774805069,1866899.88,55226475.74
2018-07-26 00:00:00,buy,SZ002118,4.65,401823.45708103525,401823.45708103525,0.7398771643638611,1867044.0,53358498.22
2018-07-26 00:00:00,buy,SH600521,10.51,177576.21240502485,177576.21240502485,0.4876779317855835,1867096.07,51490468.61
2018-07-27 00:00:00,sell,SZ002013,31.76,57882.00188298822,57882.00188298822,3.617739200592041,1838549.44,53326260.22
2018-07-27 00:00:00,sell,SH600458,6.69,282845.6027183564,282845.6027183564,0.729031503200531,1890884.74,55214308.64
2018-07-27 00:00:00,sell,SH600329,9.12,198626.6536061891,198626.6536061891,0.44499751925468445,1811961.5,57023552.2
2018-07-27 00:00:00,sell,SZ300058,2.66,659108.9423926373,659108.9423926373,0.47125333547592163,1754931.08,58775850.89
2018-07-27 00:00:00,sell,SZ300116,0.53,4080064.3441710877,4080064.3441710877,0.19799846410751343,2173106.9,60945698.13
2018-07-27 00:00:00,buy,SZ300159,1.41,1319803.5233599518,1319803.5233599518,0.17169222235679626,1867183.98,59077580.55
2018-07-27 00:00:00,buy,SZ002414,1.32,1416921.1383940142,1416921.1383940142,0.08278512954711914,1866243.11,57210404.31
2018-07-27 00:00:00,buy,SH600126,2.07,902387.5767400903,902387.5767400903,0.4240971505641937,1867576.05,55341894.48
2018-07-27 00:00:00,buy,SZ000636,6.72,278072.502703576,278072.502703576,0.32761240005493164,1867549.93,53473410.77
2018-07-27 00:00:00,buy,SZ002127,4.25,439828.7902764608,439828.7902764608,0.4792774021625519,1867687.87,51604789.05
2018-07-30 00:00:00,sell,SZ002410,6.19,292447.35787483735,292447.35787483735,0.22089405357837677,1810088.66,53412162.58
2018-07-30 00:00:00,sell,SZ300273,1.17,1587680.3806803906,1587680.3806803906,0.17981335520744324,1855660.0,55265039.09
2018-07-30 00:00:00,sell,SZ300134,0.91,1862320.7875820892,1862320.7875820892,0.08183719962835312,1693243.06,56955742.29
2018-07-30 00:00:00,sell,SZ002517,1.59,1058557.575539343,1058557.575539343,0.2598600387573242,1680719.45,58633940.66
2018-07-30 00:00:00,sell,SZ002127,3.95,439828.7902764608,439828.7902764608,0.4792594611644745,1739034.9,60370367.01
2018-07-30 00:00:00,buy,SH600499,8.8,210178.65692986062,210178.65692986062,1.424026608467102,1849674.05,58519768.12
2018-07-30 00:00:00,buy,SH603019,13.15,140628.925087804,140628.925087804,0.2645259499549866,1849584.14,56669259.19
2018-07-30 00:00:00,buy,SH600563,9.61,192311.5304994222,192311.5304994222,0.19083619117736816,1847845.06,54820490.21
2018-07-30 00:00:00,buy,SH600970,4.77,387965.05914014817,387965.05914014817,0.6802158951759338,1849938.99,52969626.25
2018-07-31 00:00:00,sell,SZ300159,1.4,1319803.5233599518,1319803.5233599518,0.17169289290905,1844531.2,54811390.65
2018-07-31 00:00:00,sell,SH600525,9.44,187476.8927768539,187476.8927768539,1.0075688362121582,1769954.32,56578690.05
2018-07-31 00:00:00,sell,SH600053,6.77,283406.2267219018,283406.2267219018,0.3859971761703491,1919864.78,58495675.02
2018-07-31 00:00:00,sell,SH603885,2.58,685060.2342140225,685060.2342140225,0.18157102167606354,1767540.45,60260564.16
2018-07-31 00:00:00,buy,SZ300146,3.36,532148.6498848421,532148.6498848421,0.18397115170955658,1787654.01,58472016.32
2018-07-31 00:00:00,buy,SZ002299,1.46,1227034.8898865476,1227034.8898865476,0.08190476149320602,1788900.07,56682221.8
2018-07-31 00:00:00,buy,SZ300001,2.29,782346.4538540882,782346.4538540882,0.15709152817726135,1788194.99,54893132.71
2018-07-31 00:00:00,buy,SZ000761,1.65,1085854.9499638318,1085854.9499638318,0.38043755292892456,1788723.04,53103515.31
2018-07-31 00:00:00,buy,SZ002583,3.04,587545.6082958303,587545.6082958303,0.31912416219711304,1788750.03,51313870.9
2018-07-31 00:00:00,buy,SH600183,7.04,254051.13661002828,254051.13661002828,0.6789971590042114,1788825.03,49524151.46
2018-07-31 00:00:00,buy,SH600307,1.35,1322129.8665095912,1322129.8665095912,0.6094711422920227,1788875.97,47734381.06
2018-08-01 00:00:00,sell,SZ002268,6.29,273620.6066896259,273620.6066896259,0.3242011070251465,1720050.18,49451851.16
2018-08-01 00:00:00,sell,SZ300274,1.51,1111935.5624255324,1111935.5624255324,0.19309404492378235,1676870.56,51126206.41
2018-08-01 00:00:00,sell,SH600754,7.32,217303.8117923524,217303.8117923524,0.24434103071689606,1589701.32,52713523.18
2018-08-01 00:00:00,sell,SZ002414,1.31,1416921.1383940142,1416921.1383940142,0.08278203010559082,1856789.55,54567527.55
2018-08-01 00:00:00,buy,SH600765,6.51,274401.9522675781,274401.9522675781,0.8338133096694946,1786927.91,52779706.18
2018-08-01 00:00:00,buy,SZ300010,1.54,1162738.548211746,1162738.548211746,0.15368889272212982,1786999.9,50991812.78
2018-08-01 00:00:00,buy,SH600648,4.01,445042.4439024539,445042.4439024539,0.21009232103824615,1785849.86,49205069.99
2018-08-01 00:00:00,buy,SZ000977,16.74,106670.7477443929,106670.7477443929,0.6618496775627136,1786179.99,47417996.91
2018-08-02 00:00:00,sell,SZ300146,3.75,532148.6498848421,532148.6498848421,0.18396882712841034,1995176.81,49410180.96
2018-08-02 00:00:00,sell,SH600648,3.89,445042.4439024539,445042.4439024539,0.21009039878845215,1731604.25,51139187.8
2018-08-02 00:00:00,sell,SZ002299,1.38,1227034.8898865476,1227034.8898865476,0.08191603422164917,1698683.71,52835323.48
2018-08-02 00:00:00,sell,SH600280,12.28,147728.44836954866,147728.44836954866,1.3294613361358643,1814729.14,54647330.54
2018-08-02 00:00:00,sell,SZ002400,1.45,1411569.3801934205,1411569.3801934205,0.41810518503189087,2042038.3,56686305.78
2018-08-02 00:00:00,buy,SZ002233,1.77,1046854.5634118154,1046854.5634118154,0.14471924304962158,1855875.09,54829502.75
2018-08-02 00:00:00,buy,SH600458,6.27,296170.4419816546,296170.4419816546,0.7289721369743347,1856740.11,52971834.27
2018-08-02 00:00:00,buy,SH603225,0.8,2318673.3445092654,2318673.3445092654,0.03670202195644379,1855180.15,51115726.53
2018-08-02 00:00:00,buy,SZ300159,1.4,1328534.8981849253,1328534.8981849253,0.17169289290905,1856734.0,49258064.17
2018-08-02 00:00:00,buy,SZ000528,7.67,241946.1195189758,241946.1195189758,0.6621308922767639,1856718.0,47400417.81
2018-08-03 00:00:00,sell,SZ002233,1.72,1046854.5634118154,1046854.5634118154,0.144727885723114,1796897.33,49194619.79
2018-08-03 00:00:00,sell,SH600307,1.3,1322129.8665095912,1322129.8665095912,0.6093619465827942,1724103.08,50916136.71
2018-08-03 00:00:00,sell,SH603019,12.7,140628.925087804,140628.925087804,0.2645164430141449,1786651.72,52700108.46
2018-08-03 00:00:00,sell,SZ000547,10.28,164818.32411643036,164818.32411643036,1.4270927906036377,1693519.38,54391087.55
2018-08-03 00:00:00,sell,SZ000528,7.34,241946.1195189758,241946.1195189758,0.662111222743988,1776565.12,56164987.82
2018-08-03 00:00:00,buy,SZ002375,0.81,2261367.4635336837,2261367.4635336837,0.1540660709142685,1839552.04,54324516.0
2018-08-03 00:00:00,buy,SZ000566,9.98,184438.0723995916,184438.0723995916,1.3608903884887695,1839830.0,52483766.09
2018-08-03 00:00:00,buy,SH600863,2.3,801640.2314090886,801640.2314090886,0.9766226410865784,1839815.04,50643031.14
2018-08-03 00:00:00,buy,SH600256,6.42,286406.86712172546,286406.86712172546,1.4730792045593262,1839484.06,48802627.34
2018-08-03 00:00:00,buy,SZ300156,0.85,2161367.97968445,2161367.97968445,0.13773684203624725,1839786.02,46961921.43
2018-08-06 00:00:00,sell,SH600521,9.34,177576.21240502485,177576.21240502485,0.4876710772514343,1659232.65,48618665.22
2018-08-06 00:00:00,sell,SZ002118,3.99,401823.45708103525,401823.45708103525,0.739906370639801,1602510.23,50218771.69
2018-08-06 00:00:00,sell,SZ000039,1.79,927015.5824997405,927015.5824997405,0.15911252796649933,1663797.66,51880073.66
2018-08-06 00:00:00,sell,SH600563,8.76,192311.5304994222,192311.5304994222,0.19083599746227264,1683794.21,53561342.18
2018-08-06 00:00:00,buy,SZ002110,2.17,809251.0201465646,809251.0201465646,0.1108432337641716,1752738.06,51807727.74
2018-08-06 00:00:00,buy,SZ000729,2.53,692543.9021125202,692543.9021125202,0.38091447949409485,1754270.0,50052580.61
2018-08-06 00:00:00,buy,SH600801,13.27,132263.91556664117,132263.91556664117,0.6887744069099426,1754585.96,48297117.36
2018-08-06 00:00:00,buy,SZ002368,1.72,1016726.930385619,1016726.930385619,0.06343886256217957,1752465.11,46543776.01
2018-08-06 00:00:00,buy,SH600039,7.21,243296.54073116908,243296.54073116908,1.9437185525894165,1754459.03,44788439.76
2018-08-07 00:00:00,sell,SZ000761,1.6,1085854.9499638318,1085854.9499638318,0.3803331255912781,1738673.52,46524505.26
2018-08-07 00:00:00,sell,SZ002375,0.84,2261367.4635336837,2261367.4635336837,0.1540602594614029,1902192.21,48423844.18
2018-08-07 00:00:00,sell,SH600039,7.77,243296.54073116908,243296.54073116908,1.9433841705322266,1891274.58,50312281.85
2018-08-07 00:00:00,sell,SZ000977,17.59,106670.7477443929,106670.7477443929,0.6618306040763855,1876493.91,52185961.02
2018-08-07 00:00:00,sell,SH603225,0.76,2318673.3445092654,2318673.3445092654,0.03669433295726776,1754394.41,53937723.84
2018-08-07 00:00:00,buy,SZ000829,7.44,245755.37070331586,245755.37070331586,0.8585773706436157,1829369.99,52107439.16
2018-08-07 00:00:00,buy,SH603885,2.31,790366.5780449616,790366.5780449616,0.18156132102012634,1829624.99,50276899.35
2018-08-07 00:00:00,buy,SZ002002,4.4,415445.21541249304,415445.21541249304,1.2235066890716553,1829880.16,48446104.25
2018-08-07 00:00:00,buy,SH600808,1.74,1049456.1150565182,1049456.1150565182,0.4171684682369232,1830003.96,46615185.29
2018-08-08 00:00:00,sell,SZ002110,2.21,809251.0201465646,809251.0201465646,0.1108538880944252,1788789.96,48401292.06
2018-08-08 00:00:00,sell,SH600808,1.72,1049456.1150565182,1049456.1150565182,0.4171895384788513,1803827.01,50202413.33
2018-08-08 00:00:00,sell,SZ000829,7.46,245755.3707033159,245755.3707033159,0.8585326075553894,1833494.33,52033157.42
2018-08-08 00:00:00,sell,SH600801,14.52,132263.91556664117,132263.91556664117,0.6887342929840088,1920276.1,53950553.1
2018-08-08 00:00:00,buy,SH600525,8.14,217057.07877164756,217057.07877164756,1.0075690746307373,1767096.0,52182573.56
2018-08-08 00:00:00,buy,SZ002353,2.24,788792.1947052238,788792.1947052238,0.12056407332420349,1766007.06,50415683.5
2018-08-08 00:00:00,buy,SZ300266,2.29,772158.6904791459,772158.6904791459,0.641059935092926,1767149.84,48647650.09
2018-08-08 00:00:00,buy,SZ002004,7.25,243662.2735572319,243662.2735572319,1.3814202547073364,1767150.08,46879616.43
2018-08-09 00:00:00,sell,SZ002353,2.31,788792.1947052238,788792.1947052238,0.12056140601634979,1825879.64,48702757.26
2018-08-09 00:00:00,sell,SH600183,7.19,254051.13661002828,254051.13661002828,0.6790085434913635,1826805.64,50526822.69
2018-08-09 00:00:00,sell,SH603328,1.01,1550225.3264370663,1550225.3264370663,0.10001619905233383,1562880.15,52087358.52
2018-08-09 00:00:00,sell,SZ300156,0.9,2161367.97968445,2161367.97968445,0.1377383917570114,1946979.96,54031418.01
2018-08-09 00:00:00,buy,SZ002600,0.79,2238698.6270915866,2238698.6270915866,0.2096753865480423,1769637.99,52260895.2
2018-08-09 00:00:00,buy,SZ002544,2.41,734365.2269877689,734365.2269877689,0.20820702612400055,1769053.03,50490957.64
2018-08-09 00:00:00,buy,SH600426,12.53,141211.39253957174,141211.39253957174,0.6663768291473389,1769079.88,48720993.23
2018-08-09 00:00:00,buy,SZ002509,1.0,1775408.8338190117,1775408.8338190117,0.35473519563674927,1769738.01,46950370.34
2018-08-09 00:00:00,buy,SH600623,2.58,686117.4080082995,686117.4080082995,0.27531731128692627,1769993.1,45179492.24
2018-08-09 00:00:00,buy,SZ002920,0.82,2169124.5134685664,2169124.5134685664,0.03429955244064331,1769976.09,43408631.16
2018-08-10 00:00:00,sell,SZ002509,0.98,1775408.8338190117,1775408.8338190117,0.35471311211586,1744437.31,45150451.81
2018-08-10 00:00:00,sell,SH600126,2.13,902387.5767400903,902387.5767400903,0.4241526126861572,1921405.14,47068974.84
2018-08-10 00:00:00,sell,SH600499,8.6,210178.65692986062,210178.65692986062,1.4240014553070068,1807739.98,48874003.21
2018-08-10 00:00:00,sell,SH600458,6.44,296170.4419816546,296170.4419816546,0.728998064994812,1908623.94,50779764.22
2018-08-10 00:00:00,sell,SZ300001,2.21,782346.4538540882,782346.4538540882,0.15709219872951508,1732897.33,52510062.2
2018-08-10 00:00:00,buy,SH603169,4.03,458064.3490738475,458064.3490738475,0.6721763014793396,1847399.95,50661738.55
2018-08-10 00:00:00,buy,SH603225,0.81,2269457.6519676344,2269457.6519676344,0.03670480474829674,1845927.95,48814887.63
2018-08-10 00:00:00,buy,SZ002281,2.52,732859.8032595444,732859.8032595444,0.10820623487234116,1845311.02,46968653.95
2018-08-10 00:00:00,buy,SZ002410,6.4,288378.94721219863,288378.94721219863,0.22088991105556488,1846662.94,45121067.68
2018-08-13 00:00:00,sell,SZ002002,4.48,415445.21541249304,415445.21541249304,1.22366464138031,1860618.3,46978895.06
2018-08-13 00:00:00,sell,SH600256,6.91,286406.86712172546,286406.86712172546,1.4730433225631714,1978662.93,48954589.99
2018-08-13 00:00:00,sell,SH603885,2.37,790366.5780449616,790366.5780449616,0.18158316612243652,1875770.65,50827546.99
2018-08-13 00:00:00,sell,SH600970,4.78,387965.05914014817,387965.05914014817,0.6802193522453308,1855226.37,52679990.52
2018-08-13 00:00:00,sell,SH603169,3.85,458064.3490738475,458064.3490738475,0.6725712418556213,1762222.75,54439569.94
2018-08-13 00:00:00,buy,SZ000703,19.63,94112.43163637133,94112.43163637133,1.1390631198883057,1847055.92,52591590.49
2018-08-13 00:00:00,buy,SZ002118,4.17,442536.43855225923,442536.43855225923,0.7398260831832886,1846535.89,50744131.33
2018-08-13 00:00:00,buy,SH603659,2.2,837858.9638713244,837858.9638713244,0.04225054755806923,1845402.03,48897806.59
2018-08-13 00:00:00,buy,SZ002390,1.24,1488693.717017364,1488693.717017364,0.19533903896808624,1846580.06,47050303.25
2018-08-13 00:00:00,buy,SH600655,6.4,288629.88756747736,288629.88756747736,0.8256248235702515,1846825.03,45202554.81
2018-08-14 00:00:00,sell,SZ002368,2.14,1016726.930385619,1016726.930385619,0.06344037503004074,2175636.96,47374928.31
2018-08-14 00:00:00,sell,SZ002544,2.5,734365.2269877689,734365.2269877689,0.20820894837379456,1834817.03,49206993.12
2018-08-14 00:00:00,sell,SZ300159,1.32,1328534.8981849253,1328534.8981849253,0.17169849574565887,1756427.38,50960785.85
2018-08-14 00:00:00,sell,SZ002583,2.98,587545.6082958303,587545.6082958303,0.3191005289554596,1749245.43,52707407.41
2018-08-14 00:00:00,sell,SZ002920,0.83,2169124.5134685664,2169124.5134685664,0.03429622948169708,1790634.42,54495355.88
2018-08-14 00:00:00,buy,SH600536,9.56,193385.13304335176,193385.13304335176,0.30974459648132324,1847914.88,52646517.04
2018-08-14 00:00:00,buy,SZ000596,44.22,41789.13044926968,41789.13044926968,0.5455964207649231,1847939.95,50797653.12
2018-08-14 00:00:00,buy,SZ300001,2.06,898178.2824938027,898178.2824938027,0.1570957601070404,1848410.08,48948318.83
2018-08-14 00:00:00,buy,SH603816,1.78,1038161.8042240591,1038161.8042240591,0.028897229582071304,1847700.02,47099694.97
2018-08-14 00:00:00,buy,SZ300253,8.41,219610.97150203615,219610.97150203615,0.6279285550117493,1847860.02,45250911.01
2018-08-14 00:00:00,buy,SZ002916,2.49,742464.147365213,742464.147365213,0.03623070567846298,1845340.01,43404648.33
2018-08-15 00:00:00,sell,SH603659,2.08,837858.9638713244,837858.9638713244,0.04225558787584305,1744366.04,45146397.82
2018-08-15 00:00:00,sell,SZ000566,9.09,184438.0723995916,184438.0723995916,1.3807950019836426,1675736.34,46819620.56
2018-08-15 00:00:00,sell,SH600536,9.29,193385.13304335176,193385.13304335176,0.3097498118877411,1795832.3,48612759.11
2018-08-15 00:00:00,sell,SZ000596,41.93,41789.13044926968,41789.13044926968,0.5455836653709412,1752139.02,50362269.93
2018-08-15 00:00:00,sell,SH600765,6.4,274401.9522675781,274401.9522675781,0.8337689638137817,1757090.53,52116724.82
2018-08-15 00:00:00,buy,SH600478,8.11,225975.76942339295,225975.76942339295,1.6492918729782104,1833684.05,50282123.92
2018-08-15 00:00:00,buy,SZ002308,1.03,1775453.119906543,1775453.119906543,0.12684085965156555,1833128.09,48448079.27
2018-08-15 00:00:00,buy,SH603885,2.26,812844.6763111227,812844.6763111227,0.18158450722694397,1833191.97,46613970.7
2018-08-15 00:00:00,buy,SZ000528,8.09,226556.422720547,226556.422720547,0.6620867252349854,1832999.87,44780054.34
2018-08-15 00:00:00,buy,SZ002268,6.65,275752.25523632293,275752.25523632293,0.32420405745506287,1832699.95,42946438.03
2018-08-16 00:00:00,sell,SZ002268,6.35,275752.25523632293,275752.25523632293,0.3241935670375824,1750395.38,44694207.82
2018-08-16 00:00:00,sell,SH600478,7.64,225975.76942339295,225975.76942339295,1.649480938911438,1725798.84,46417417.97
2018-08-16 00:00:00,sell,SZ000636,5.65,278072.502703576,278072.502703576,0.3276098072528839,1572373.57,47987432.97
2018-08-16 00:00:00,sell,SH600426,12.35,141211.39253957174,141211.39253957174,0.6663683652877808,1744591.81,49729407.9
2018-08-16 00:00:00,buy,SH600022,1.74,1002885.666345379,1002885.666345379,0.9329079389572144,1749571.98,47978961.13
2018-08-16 00:00:00,buy,SZ000877,9.62,181867.12384200294,181867.12384200294,1.1079517602920532,1749020.05,46229066.57
2018-08-16 00:00:00,buy,SZ002709,3.35,521768.28991060547,521768.28991060547,0.1284094899892807,1748699.97,44479492.24
2018-08-16 00:00:00,buy,SH603806,0.87,2018737.3749578816,2018737.3749578816,0.035467714071273804,1748472.03,42730145.98
2018-08-16 00:00:00,buy,SZ002302,1.69,1035713.1075841927,1035713.1075841927,0.13188980519771576,1748480.0,40980791.74
2018-08-16 00:00:00,buy,SZ002657,1.28,1371384.239457418,1371384.239457418,0.09078418463468552,1749225.04,39230692.09
2018-08-17 00:00:00,sell,SH603816,1.5,1038161.8042240591,1038161.8042240591,0.028895150870084763,1553588.24,40781949.95
2018-08-17 00:00:00,sell,SH600022,1.73,1002885.666345379,1002885.666345379,0.932502031326294,1739458.85,42518799.62
2018-08-17 00:00:00,sell,SZ002916,2.5,742464.147365213,742464.147365213,0.036229632794857025,1853355.18,44369374.76
2018-08-17 00:00:00,sell,SH603806,0.82,2018737.3749578816,2018737.3749578816,0.035466622561216354,1645317.4,46012224.18
2018-08-17 00:00:00,sell,SH603225,0.79,2269457.6519676344,2269457.6519676344,0.03670351207256317,1789221.06,47798761.41
2018-08-17 00:00:00,buy,SZ000829,7.4,245402.4800444187,245402.4800444187,0.8585895299911499,1816233.94,45981619.35
2018-08-17 00:00:00,buy,SZ000766,4.59,395342.1053790831,395342.1053790831,0.7090061902999878,1816343.91,44164367.27
2018-08-17 00:00:00,buy,SZ002681,4.25,427553.8100843234,427553.8100843234,0.8904142379760742,1815938.96,42347520.34
2018-08-17 00:00:00,buy,SH600536,8.58,211453.3139577843,211453.3139577843,0.30976104736328125,1813694.9,40532918.6
2018-08-20 00:00:00,sell,SH600623,2.41,686117.4080082995,686117.4080082995,0.27531594038009644,1656644.71,42187078.34
2018-08-20 00:00:00,sell,SZ002308,0.98,1775453.119906543,1775453.119906543,0.12682946026325226,1747395.04,43931852.29
2018-08-20 00:00:00,sell,SZ300182,2.93,591437.6840939547,591437.6840939547,0.4592601954936981,1735675.96,45664924.74
2018-08-20 00:00:00,sell,SZ000528,7.7,226556.422720547,226556.422720547,0.6621006727218628,1744536.7,47406844.63
2018-08-20 00:00:00,sell,SH600863,2.29,801640.2314090886,801640.2314090886,0.9766257405281067,1831991.87,49236088.51
2018-08-20 00:00:00,buy,SZ000681,10.1,178001.48577433915,178001.48577433915,0.3741541802883148,1798199.91,47436989.51
2018-08-20 00:00:00,buy,SZ002261,1.5,1198440.83096265,1198440.83096265,0.3270082175731659,1798821.03,45637269.07
2018-08-20 00:00:00,buy,SZ002019,8.27,217367.92056419945,217367.92056419945,0.613245964050293,1798216.97,43838152.99
2018-08-20 00:00:00,buy,SZ300308,7.56,237515.29291846463,237515.29291846463,0.1515691876411438,1796400.01,42040854.78
2018-08-20 00:00:00,buy,SH600673,9.93,181188.9669525176,181188.9669525176,1.2285516262054443,1798607.93,40241347.54
2018-08-21 00:00:00,sell,SZ002657,1.41,1371384.239457418,1371384.239457418,0.0907692238688469,1938145.52,42176585.84
2018-08-21 00:00:00,sell,SZ002410,6.32,288378.94721219863,288378.94721219863,0.22089217603206635,1821838.71,43995691.79
2018-08-21 00:00:00,sell,SZ002281,2.64,732859.8032595444,732859.8032595444,0.10819823294878006,1932397.95,45925191.14
2018-08-21 00:00:00,sell,SH600536,9.15,211453.3139577843,211453.3139577843,0.3097512722015381,1934154.05,47856443.96
2018-08-21 00:00:00,sell,SZ300308,7.51,237515.29291846463,237515.29291846463,0.15157155692577362,1783107.94,49636877.24
2018-08-21 00:00:00,buy,SZ002359,5.29,342472.3968026662,342472.3968026662,0.28615444898605347,1812999.93,47822970.81
2018-08-21 00:00:00,buy,SZ000566,8.73,207766.56470383686,207766.56470383686,1.3808766603469849,1813207.99,46008856.22
2018-08-21 00:00:00,buy,SH600582,6.59,275107.8303364376,275107.8303364376,1.8465486764907837,1813560.01,44194389.43
2018-08-21 00:00:00,buy,SH603658,3.56,508075.8551695076,508075.8551695076,0.04920525103807449,1808750.02,42384735.03
2018-08-21 00:00:00,buy,SH600521,9.94,182296.32770241552,182296.32770241552,0.4876675307750702,1812671.1,40571157.59
2018-08-21 00:00:00,buy,SZ000587,7.49,242266.95803047135,242266.95803047135,2.6924843788146973,1813393.97,38756856.92
2018-08-22 00:00:00,sell,SZ000681,10.21,178001.48577433915,178001.48577433915,0.3741408586502075,1816783.21,40570914.96
2018-08-22 00:00:00,sell,SZ002359,5.48,342472.3968026662,342472.3968026662,0.2861514687538147,1876680.48,42444780.42
2018-08-22 00:00:00,sell,SZ000877,9.88,181867.12384200294,181867.12384200294,1.1079572439193726,1797388.86,44239473.2
2018-08-22 00:00:00,sell,SZ002261,1.46,1198440.83096265,1198440.83096265,0.3270549178123474,1752043.22,45988888.35
2018-08-22 00:00:00,sell,SZ002302,1.72,1035713.1075841927,1035713.1075841927,0.1319008469581604,1781413.12,47767629.35
2018-08-22 00:00:00,buy,SZ000636,5.34,339733.481066946,339733.481066946,0.32760974764823914,1814189.96,45952532.29
2018-08-22 00:00:00,buy,SH600426,11.71,154875.51665091293,154875.51665091293,0.6663416028022766,1814256.07,44137369.09
2018-08-22 00:00:00,buy,SZ300274,1.28,1419578.6537566024,1419578.6537566024,0.1930854618549347,1814542.03,42321919.79
2018-08-22 00:00:00,buy,SH600748,3.04,596798.8540357302,596798.8540357302,0.6348872780799866,1814930.99,40506081.34
2018-08-22 00:00:00,buy,SH601233,1.84,986393.7919062303,986393.7919062303,0.10168352723121643,1813424.1,38691750.52
2018-08-22 00:00:00,buy,SH603444,1.68,1076864.8827705076,1076864.8827705076,0.01327928900718689,1807376.94,36883469.89
2018-08-23 00:00:00,sell,SZ002004,6.91,243662.2735572319,243662.2735572319,1.3814059495925903,1682982.54,38563927.96
2018-08-23 00:00:00,sell,SZ300001,1.95,898178.2824938027,898178.2824938027,0.1570979356765747,1753897.27,40315194.39
2018-08-23 00:00:00,sell,SZ300253,7.7,219610.97150203615,219610.97150203615,0.6279280781745911,1692031.73,42004688.07
2018-08-23 00:00:00,sell,SZ000703,19.0,94112.43163637133,94112.43163637133,1.1389873027801514,1787976.98,43789983.08
2018-08-23 00:00:00,sell,SH600673,9.96,181188.9669525176,181188.9669525176,1.2285821437835693,1805330.71,45592605.79
2018-08-23 00:00:00,buy,SH600536,9.12,197901.92025469852,197901.92025469852,0.30974939465522766,1804059.03,43787644.73
2018-08-23 00:00:00,buy,SZ002250,3.67,492013.97187339497,492013.97187339497,0.45608460903167725,1804175.96,41982566.68
2018-08-23 00:00:00,buy,SZ002174,2.85,632410.8448451329,632410.8448451329,0.18136943876743317,1804231.0,40177433.56
2018-08-23 00:00:00,buy,SZ002439,4.47,403623.1322759718,403623.1322759718,0.2554363012313843,1803219.15,38373312.81
2018-08-23 00:00:00,buy,SZ002916,2.62,687211.9007394369,687211.9007394369,0.036233365535736084,1797780.04,36574633.88
2018-08-24 00:00:00,sell,SZ000766,5.95,395342.1053790831,395342.1053790831,0.7088627219200134,2354043.53,38925146.34
2018-08-24 00:00:00,sell,SH600521,9.99,182296.32770241552,182296.32770241552,0.4876750409603119,1820700.08,40743115.37
2018-08-24 00:00:00,sell,SH603658,3.41,508075.8551695076,508075.8551695076,0.04920589178800583,1733022.52,42473538.36
2018-08-24 00:00:00,sell,SH600536,8.82,197901.92025469852,197901.92025469852,0.30974116921424866,1745777.6,44216697.29
2018-08-24 00:00:00,sell,SZ002916,2.66,687211.9007394369,687211.9007394369,0.03622889146208763,1830421.88,46044373.54
2018-08-24 00:00:00,buy,SH600754,5.98,304484.357683933,304484.357683933,0.24434752762317657,1820568.05,44222895.21
2018-08-24 00:00:00,buy,SZ002920,0.74,2452171.2633491484,2452171.2633491484,0.03429613634943962,1822446.97,42399537.02
2018-08-24 00:00:00,buy,SZ300308,7.17,254002.91784343842,254002.91784343842,0.1515730619430542,1820664.99,40577961.69
2018-08-24 00:00:00,buy,SH600996,0.59,3086549.599529674,3086549.599529674,0.07999223470687866,1822122.03,38754928.6
2018-08-24 00:00:00,buy,SZ000028,13.25,137511.76503484085,137511.76503484085,0.27924883365631104,1822080.06,36931937.5
2018-08-27 00:00:00,sell,SH600996,0.59,3086549.599529674,3086549.599529674,0.07998368889093399,1829333.57,38758527.07
2018-08-27 00:00:00,sell,SH600655,6.15,288629.88756747736,288629.88756747736,0.8256227374076843,1775330.52,40531194.59
2018-08-27 00:00:00,sell,SH600426,12.14,154875.51665091293,154875.51665091293,0.6663737297058105,1880394.57,42408768.57
2018-08-27 00:00:00,sell,SH603444,1.76,1076864.8827705076,1076864.8827705076,0.01328000333160162,1891991.74,44297922.33
2018-08-27 00:00:00,sell,SZ000587,7.84,242266.95803047135,242266.95803047135,2.6928420066833496,1898445.12,46193519.78
2018-08-27 00:00:00,buy,SZ002281,2.8,653450.6933398211,653450.6933398211,0.10819485038518906,1828301.98,44364303.65
2018-08-27 00:00:00,buy,SH600138,6.05,302137.51290090085,302137.51290090085,0.3905506432056427,1827820.07,42535569.67
2018-08-27 00:00:00,buy,SZ002815,1.63,1122823.870691457,1122823.870691457,0.08754712343215942,1827396.98,40707258.99
2018-08-27 00:00:00,buy,SH600258,6.72,271865.05520240165,271865.05520240165,0.34833458065986633,1827709.89,38878635.24
2018-08-28 00:00:00,sell,SH601233,1.97,986393.7919062303,986393.7919062303,0.10168744623661041,1945895.01,40821611.41
2018-08-28 00:00:00,sell,SZ000636,5.72,339733.481066946,339733.481066946,0.32761192321777344,1942197.83,42760895.95
2018-08-28 00:00:00,sell,SZ000426,6.7,234046.02628422252,234046.02628422252,1.0218106508255005,1568828.72,44327371.43
2018-08-28 00:00:00,sell,SZ000028,13.26,137511.76503484085,137511.76503484085,0.27923813462257385,1823162.11,46147798.8
2018-08-28 00:00:00,sell,SZ000729,2.4,692543.9021125202,692543.9021125202,0.3809223771095276,1661974.49,47807280.33
2018-08-28 00:00:00,buy,SH601001,1.0,1818122.8440493078,1818122.8440493078,0.19437630474567413,1816475.97,45989896.13
2018-08-28 00:00:00,buy,SH603877,0.8,2275764.107898399,2275764.107898399,0.033922672271728516,1814971.96,44174016.68
2018-08-28 00:00:00,buy,SH600183,7.8,232982.11665979057,232982.11665979057,0.6790220737457275,1816136.06,42356972.56
2018-08-28 00:00:00,buy,SZ000090,5.2,349179.8448512291,349179.8448512291,0.8668885231018066,1816200.0,40539864.46
2018-08-28 00:00:00,buy,SZ002368,2.2,824405.7205377414,824405.7205377414,0.06343963742256165,1815855.89,38723100.63
2018-08-29 00:00:00,sell,SZ002174,2.96,632410.8448451329,632410.8448451329,0.1822950541973114,1874540.22,40594829.04
2018-08-29 00:00:00,sell,SZ002681,4.24,427553.8100843234,427553.8100843234,0.8905238509178162,1812355.07,42404465.58
2018-08-29 00:00:00,sell,SZ002250,3.61,492013.971873395,492013.971873395,0.45617762207984924,1775366.02,44177168.56
2018-08-29 00:00:00,sell,SH600183,7.79,232982.11665979057,232982.11665979057,0.6789982914924622,1814490.52,45988937.34
2018-08-29 00:00:00,sell,SZ002815,1.64,1122823.870691457,1122823.870691457,0.08752915263175964,1840781.02,47826957.19
2018-08-29 00:00:00,buy,SZ002384,1.77,1024463.9607022081,1024463.9607022081,0.10464008897542953,1815968.05,46010081.16
2018-08-29 00:00:00,buy,SZ002707,3.35,541793.2816004818,541793.2816004818,0.3602850139141083,1817312.03,44191860.47
2018-08-29 00:00:00,buy,SH603816,1.51,1204346.3313158732,1204346.3313158732,0.028895342722535133,1815167.97,42375784.92
2018-08-29 00:00:00,buy,SH600729,8.57,211937.28461391982,211937.28461391982,0.28593364357948303,1815576.05,40559301.09
2018-08-29 00:00:00,buy,SZ002233,1.9,958369.5522638856,958369.5522638856,0.14472496509552002,1816970.1,38741422.5
2018-08-29 00:00:00,buy,SZ002212,1.38,1314539.2830124234,1314539.2830124234,0.1175316721200943,1816920.0,36923594.04
2018-08-30 00:00:00,sell,SZ002368,2.11,824405.7205377414,824405.7205377414,0.06343752890825272,1742055.11,38663036.07
2018-08-30 00:00:00,sell,SZ002439,4.75,403623.1322759718,403623.1322759718,0.2554466426372528,1916706.59,40576867.6
2018-08-30 00:00:00,sell,SZ002281,2.85,653450.6933398211,653450.6933398211,0.1081971749663353,1859450.03,42433528.45
2018-08-30 00:00:00,sell,SZ300308,7.65,254002.91784343842,254002.91784343842,0.1515759825706482,1944287.5,44374899.52
2018-08-30 00:00:00,sell,SZ002233,1.84,958369.5522638856,958369.5522638856,0.14471571147441864,1764151.18,46136404.47
2018-08-30 00:00:00,buy,SH600062,10.34,176546.50550396787,176546.50550396787,0.6321280598640442,1824660.0,44310832.14
2018-08-30 00:00:00,buy,SH603658,3.4,536471.0784795393,536471.0784795393,0.049210481345653534,1824767.99,42485151.77
2018-08-30 00:00:00,buy,SZ002038,38.04,47930.19948706579,47930.19948706579,1.0995155572891235,1823420.06,40660819.99
2018-08-30 00:00:00,buy,SH603883,2.85,638430.0065434321,638430.0065434321,0.04338768497109413,1820997.97,38838911.52
2018-08-30 00:00:00,buy,SH600872,20.37,89619.54447593003,89619.54447593003,0.692929208278656,1825119.1,37012879.87
2018-08-31 00:00:00,sell,SH601001,0.91,1818122.8440493078,1818122.8440493078,0.19432057440280914,1653437.84,38663837.55
2018-08-31 00:00:00,sell,SZ002707,3.22,541793.2816004818,541793.2816004818,0.36028701066970825,1747049.61,40408266.58
2018-08-31 00:00:00,sell,SZ002709,3.12,521768.2899106054,521768.2899106054,0.12842051684856415,1625559.51,42031387.76
2018-08-31 00:00:00,sell,SZ002384,1.7,1024463.9607022081,1024463.9607022081,0.10464635491371155,1736743.94,43765526.58
2018-08-31 00:00:00,sell,SZ002212,1.26,1314539.2830124234,1314539.2830124234,0.1175227090716362,1649934.21,45412985.89
2018-08-31 00:00:00,buy,SZ000661,64.99,27650.786927529516,27650.786927529516,0.28208962082862854,1796964.04,43615123.37
2018-08-31 00:00:00,buy,SZ000778,3.7,485816.50943108945,485816.50943108945,0.7535766959190369,1797550.99,41816673.61
2018-08-31 00:00:00,buy,SZ000418,23.1,77713.94958877983,77713.94958877983,0.508274257183075,1795274.98,40020500.99
2018-08-31 00:00:00,buy,SZ000536,2.54,708312.1500897212,708312.1500897212,1.0400781631469727,1797548.04,38222054.18
2018-08-31 00:00:00,buy,SZ300418,2.1,855345.2860066461,855345.2860066461,0.13620230555534363,1796429.97,36424725.99
2018-09-03 00:00:00,sell,SH600582,7.05,275107.8303364376,275107.8303364376,1.8465535640716553,1940565.09,38362380.23
2018-09-03 00:00:00,sell,SH603877,0.76,2275764.107898399,2275764.107898399,0.03392384946346283,1737060.23,40096834.87
2018-09-03 00:00:00,sell,SZ000536,2.55,708312.1500897212,708312.1500897212,1.040579080581665,1805784.23,41899910.43
2018-09-03 00:00:00,sell,SZ002038,38.16,47930.19948706579,47930.19948706579,1.09951913356781,1829222.83,43726389.42
2018-09-03 00:00:00,sell,SZ000090,5.06,349179.8448512291,349179.8448512291,0.8669911026954651,1767977.21,45491714.67
2018-09-03 00:00:00,buy,SH600967,12.52,143826.8795999366,143826.8795999366,0.9129030704498291,1800122.93,43690691.68
2018-09-03 00:00:00,buy,SZ002281,2.86,628450.5787143033,628450.5787143033,0.10820262134075165,1799280.03,41890512.01
2018-09-03 00:00:00,buy,SZ000547,12.13,148416.15652073236,148416.15652073236,1.4270683526992798,1800300.03,40089311.84
2018-09-03 00:00:00,buy,SZ000636,5.37,335454.0617961118,335454.0617961118,0.3276156485080719,1800162.04,38288249.71
2018-09-03 00:00:00,buy,SH600418,3.04,593271.1295705623,593271.1295705623,0.6143902540206909,1800629.98,36486719.41
2018-09-03 00:00:00,buy,SZ002444,1.62,1114519.464299287,1114519.464299287,0.15683889389038086,1800440.0,34685379.19
2018-09-04 00:00:00,sell,SZ300274,1.34,1419578.6537566024,1419578.6537566024,0.19308821856975555,1907763.24,36590280.79
2018-09-04 00:00:00,sell,SZ002281,2.88,628450.5787143033,628450.5787143033,0.10820383578538895,1808140.33,38395708.91
2018-09-04 00:00:00,sell,SZ002118,4.36,442536.43855225923,442536.43855225923,0.7398536801338196,1928457.86,40321274.08
2018-09-04 00:00:00,sell,SZ000829,7.04,245402.4800444187,245402.4800444187,0.8585281372070312,1727616.37,42046299.02
2018-09-04 00:00:00,sell,SZ000547,12.33,148416.15652073236,148416.15652073236,1.4269986152648926,1829862.64,43873416.87
2018-09-04 00:00:00,buy,SZ002482,0.84,2168712.362280249,2168712.362280249,0.13994479179382324,1811895.07,42060615.85
2018-09-04 00:00:00,buy,SH600970,4.56,397553.6991860443,397553.6991860443,0.6801596879959106,1811679.95,40248030.07
2018-09-04 00:00:00,buy,SZ002745,1.11,1628208.2499372247,1628208.2499372247,0.06590066105127335,1811223.99,38435900.46
2018-09-05 00:00:00,sell,SH600138,5.97,302137.51290090085,302137.51290090085,0.3905371427536011,1802977.58,40236173.57
2018-09-05 00:00:00,sell,SZ002444,1.61,1114519.464299287,1114519.464299287,0.15683607757091522,1795163.69,42028644.51
2018-09-05 00:00:00,sell,SH600967,13.09,143826.8795999366,143826.8795999366,0.9128386378288269,1882709.1,43908529.55
2018-09-05 00:00:00,sell,SZ000778,3.65,485816.50943108945,485816.50943108945,0.7535214424133301,1775454.78,45681321.15
2018-09-05 00:00:00,sell,SH600062,9.97,176546.50550396787,176546.50550396787,0.6321159601211548,1761014.25,47439693.87
2018-09-05 00:00:00,buy,SH600811,3.25,554274.0443632532,554274.0443632532,0.8129552602767944,1802400.0,45636392.67
2018-09-05 00:00:00,buy,SZ002195,3.01,599411.849439141,599411.849439141,0.6466338634490967,1802339.95,43833151.55
2018-09-05 00:00:00,buy,SZ002371,4.32,416790.2746640798,416790.2746640798,0.08037615567445755,1802300.07,42029950.33
2018-09-05 00:00:00,buy,SH600801,13.52,133279.6714090042,133279.6714090042,0.6887772083282471,1802034.13,40227015.18
2018-09-05 00:00:00,buy,SZ002174,2.99,602902.8510683832,602902.8510683832,0.18228475749492645,1801260.93,38424853.63
2018-09-05 00:00:00,buy,SZ000519,2.6,694227.0868802149,694227.0868802149,0.33115965127944946,1802415.91,36621536.5
2018-09-05 00:00:00,buy,SZ002709,3.01,599592.1088983812,599592.1088983812,0.1284206360578537,1801799.94,34818835.66
2018-09-05 00:00:00,buy,SH600673,9.64,186882.5987336002,186882.5987336002,1.228578805923462,1802360.13,33015574.35
2018-09-06 00:00:00,sell,SH600729,7.92,211937.28461391982,211937.28461391982,0.2859451174736023,1678687.42,34691743.74
2018-09-06 00:00:00,sell,SH600970,4.27,397553.6991860443,397553.6991860443,0.6801650524139404,1698125.46,36387322.01
2018-09-06 00:00:00,sell,SZ002745,1.11,1628208.2499372247,1628208.2499372247,0.06589911878108978,1813327.62,38197929.64
2018-09-06 00:00:00,sell,SH600811,3.26,554274.0443632532,554274.0443632532,0.8128741383552551,1806725.77,40001945.32
2018-09-06 00:00:00,sell,SH603883,2.59,638430.0065434321,638430.0065434321,0.043387677520513535,1656459.82,41655920.45
2018-09-06 00:00:00,buy,SH600298,23.57,76223.30041456934,76223.30041456934,0.8789963126182556,1796270.01,39858752.3
2018-09-06 00:00:00,buy,SH600325,8.76,205385.7407497444,205385.7407497444,1.233289122581482,1798429.93,38059423.16
2018-09-06 00:00:00,buy,SZ002368,2.19,819698.187398394,819698.187398394,0.06343798339366913,1798680.1,36259843.72
2018-09-06 00:00:00,buy,SH601717,0.45,3998507.4633994917,3998507.4633994917,0.07150167971849442,1798310.88,34460633.69
2018-09-06 00:00:00,buy,SZ002384,1.59,1132399.1440507362,1132399.1440507362,0.10464508086442947,1797645.01,32662089.86
2018-09-07 00:00:00,sell,SZ002368,2.03,819698.187398394,819698.187398394,0.06343848258256912,1663493.05,34323087.67
2018-09-07 00:00:00,sell,SZ002920,0.75,2452171.2633491484,2452171.2633491484,0.03429355099797249,1839128.45,36159457.42
2018-09-07 00:00:00,sell,SZ000566,8.71,207766.56470383686,207766.56470383686,1.3807649612426758,1810192.67,37966934.8
2018-09-07 00:00:00,sell,SZ002195,2.98,599411.849439141,599411.849439141,0.6466745734214783,1786948.44,39751202.82
2018-09-07 00:00:00,sell,SZ000519,2.59,694227.0868802149,694227.0868802149,0.3311520218849182,1800075.51,41548578.22
2018-09-07 00:00:00,buy,SZ002517,1.27,1414706.6255327826,1414706.6255327826,0.2598418593406677,1793888.15,39753793.13
2018-09-07 00:00:00,buy,SH600161,8.66,207064.17128191292,207064.17128191292,0.4795614778995514,1792365.07,37960531.87
2018-09-07 00:00:00,buy,SH600138,5.88,304965.00987390795,304965.00987390795,0.3905366063117981,1793646.11,36165988.94
2018-09-07 00:00:00,buy,SH600315,23.17,77389.68832223924,77389.68832223924,0.7933873534202576,1792879.96,34372212.54
2018-09-10 00:00:00,sell,SH600872,19.78,89619.54447593003,89619.54447593003,0.692920446395874,1772311.58,36141865.66
2018-09-10 00:00:00,sell,SH600525,7.61,217057.07877164756,217057.07877164756,1.0076098442077637,1651251.81,37790640.59
2018-09-10 00:00:00,sell,SZ000661,64.18,27650.786927529516,27650.786927529516,0.2820892632007599,1774497.77,39562476.62
2018-09-10 00:00:00,sell,SZ300266,2.54,772158.6904791459,772158.6904791459,0.6409931182861328,1959995.65,41519532.28
2018-09-10 00:00:00,sell,SZ002371,3.91,416790.2746640798,416790.2746640798,0.08037775009870529,1628802.28,43145891.35
2018-09-10 00:00:00,buy,SZ000547,11.84,150454.5661385235,150454.5661385235,1.427008867263794,1782009.97,41362990.37
2018-09-10 00:00:00,buy,SZ300274,1.27,1400380.7067007027,1400380.7067007027,0.19309034943580627,1781936.09,39580163.31
2018-09-10 00:00:00,buy,SZ002250,3.37,528530.0372115108,528530.0372115108,0.45617085695266724,1781728.97,37797543.48
2018-09-10 00:00:00,buy,SZ000806,1.37,1305078.2283372586,1305078.2283372586,0.38242918252944946,1781786.98,36014865.61
2018-09-10 00:00:00,buy,SZ000887,14.49,122925.38410276834,122925.38410276834,1.4350168704986572,1781640.01,34232334.78
2018-09-10 00:00:00,buy,SH603355,0.92,1939005.4497072932,1939005.4497072932,0.03708086535334587,1780244.13,32451200.53
2018-09-11 00:00:00,sell,SZ002384,1.41,1132399.1440507362,1132399.1440507362,0.10463938117027283,1592553.33,34041365.04
2018-09-11 00:00:00,sell,SZ300418,1.94,855345.2860066461,855345.2860066461,0.13619793951511383,1661236.78,35700109.97
2018-09-11 00:00:00,sell,SH600801,12.12,133279.6714090042,133279.6714090042,0.6887702345848083,1614745.6,37312433.45
2018-09-11 00:00:00,sell,SZ000806,1.41,1305078.2283372586,1305078.2283372586,0.3824883997440338,1836972.48,39146650.46
2018-09-11 00:00:00,sell,SZ002482,0.81,2168712.362280249,2168712.362280249,0.13992369174957275,1757000.09,40901015.05
2018-09-11 00:00:00,buy,SZ002366,0.78,2252650.8294122745,2252650.8294122745,0.0824362114071846,1766007.04,39134125.01
2018-09-11 00:00:00,buy,SZ002299,1.47,1203680.857199587,1203680.857199587,0.08191540092229843,1764940.03,37368302.5
2018-09-11 00:00:00,buy,SZ000877,8.51,207504.9875671808,207504.9875671808,1.1079251766204834,1765632.0,35601787.69
2018-09-11 00:00:00,buy,SH600760,25.48,69229.1476133254,69229.1476133254,0.6774603128433228,1763909.0,33836996.73
2018-09-12 00:00:00,sell,SH601717,0.46,3998507.4633994917,3998507.4633994917,0.07150324434041977,1844095.31,35678325.9
2018-09-12 00:00:00,sell,SZ002517,1.32,1414706.6255327826,1414706.6255327826,0.25988802313804626,1864063.17,37539592.97
2018-09-12 00:00:00,sell,SH600418,2.99,593271.1295705623,593271.1295705623,0.6144153475761414,1775187.51,39312117.7
2018-09-12 00:00:00,sell,SZ002250,3.34,528530.0372115108,528530.0372115108,0.45616987347602844,1764848.23,41074318.66
2018-09-12 00:00:00,sell,SH603885,2.19,812844.6763111227,812844.6763111227,0.18159718811511993,1780180.27,42851828.67
2018-09-12 00:00:00,buy,SH600801,11.99,147511.79275579922,147511.79275579922,0.6887584924697876,1768856.0,41082088.24
2018-09-12 00:00:00,buy,SZ002176,1.88,939198.0992666024,939198.0992666024,0.2515976130962372,1769886.93,39311316.37
2018-09-12 00:00:00,buy,SZ002345,1.03,1710670.9014844724,1710670.9014844724,0.17472676932811737,1769487.98,37540943.64
2018-09-12 00:00:00,buy,SH603659,1.91,925466.9629103455,925466.9629103455,0.04224894195795059,1769275.11,35770783.9
2018-09-12 00:00:00,buy,SZ002191,1.66,1063538.337696106,1063538.337696106,0.19500942528247833,1769122.06,34000777.28
2018-09-13 00:00:00,sell,SZ002176,1.88,939198.0992666024,939198.0992666024,0.25159648060798645,1767516.16,35765642.16
2018-09-13 00:00:00,sell,SH603355,0.94,1939005.4497072932,1939005.4497072932,0.03709377720952034,1822580.4,37585488.69
2018-09-13 00:00:00,sell,SZ002191,1.67,1063538.337696106,1063538.337696106,0.19500553607940674,1777382.52,39360205.14
2018-09-13 00:00:00,sell,SH600161,8.31,207064.17128191292,207064.17128191292,0.4795508086681366,1719837.83,41077463.21
2018-09-13 00:00:00,sell,SZ000547,12.74,150454.5661385235,150454.5661385235,1.427088737487793,1917378.28,42991965.42
2018-09-13 00:00:00,buy,SZ000543,2.16,821584.0910836884,821584.0910836884,0.5097469687461853,1775711.98,41215365.59
2018-09-13 00:00:00,buy,SZ002110,1.82,972456.7871216882,972456.7871216882,0.11085325479507446,1774387.99,39440090.4
2018-09-13 00:00:00,buy,SH600879,4.42,401259.16059435514,401259.16059435514,0.6275246143341064,1775189.96,37664012.85
2018-09-13 00:00:00,buy,SH600536,8.52,208235.99800948842,208235.99800948842,0.3097447156906128,1774395.01,35888730.64
2018-09-13 00:00:00,buy,SZ000596,38.82,45638.787443913265,45638.787443913265,0.5455885529518127,1771635.04,34116209.79
2018-09-13 00:00:00,buy,SH603877,0.71,2508937.3825548245,2508937.3825548245,0.03391874209046364,1774334.85,32340987.77
2018-09-14 00:00:00,sell,SH600315,22.13,77389.68832223924,77389.68832223924,0.7933803796768188,1712430.92,34050850.05
2018-09-14 00:00:00,sell,SZ000543,2.12,821584.0910836884,821584.0910836884,0.5095237493515015,1745631.14,35793862.74
2018-09-14 00:00:00,sell,SZ000636,4.71,335454.0617961118,335454.0617961118,0.3276103734970093,1581435.61,37372926.2
2018-09-14 00:00:00,sell,SH603658,2.82,536471.0784795393,536471.0784795393,0.049206625670194626,1512337.55,38882995.25
2018-09-14 00:00:00,buy,SH600525,7.45,225477.00531545506,225477.00531545506,1.0076415538787842,1679008.03,37203147.71
2018-09-14 00:00:00,buy,SH600598,3.67,457370.63934381196,457370.63934381196,0.3699406683444977,1678463.92,35523844.56
2018-09-14 00:00:00,buy,SH603444,1.65,1016560.520617598,1016560.520617598,0.013280075043439865,1674135.04,33848872.45
2018-09-14 00:00:00,buy,SZ002444,1.64,1024117.6972125849,1024117.6972125849,0.15681791305541992,1678270.02,32169763.29
2018-09-14 00:00:00,buy,SH600282,2.38,706137.3631443636,706137.3631443636,0.5742508769035339,1678770.07,30490153.84
2018-09-17 00:00:00,sell,SH600325,8.25,205385.7407497444,205385.7407497444,1.233351469039917,1694662.71,32182274.55
2018-09-17 00:00:00,sell,SZ002390,1.08,1488693.717017364,1488693.717017364,0.19534370303153992,1605254.35,33785121.02
2018-09-17 00:00:00,sell,SH600536,8.66,208235.99800948842,208235.99800948842,0.3097493350505829,1802802.02,35585218.83
2018-09-17 00:00:00,sell,SZ002366,0.69,2252650.8294122745,2252650.8294122745,0.08343680948019028,1550620.57,37133513.47
2018-09-17 00:00:00,sell,SH600748,2.98,596798.8540357302,596798.8540357302,0.6347991228103638,1780582.82,38911425.42
2018-09-17 00:00:00,buy,SZ002002,3.54,497681.7905103373,497681.7905103373,1.2236734628677368,1760009.99,37150535.42
2018-09-17 00:00:00,buy,SZ002233,1.62,1088621.3266729359,1088621.3266729359,0.15018996596336365,1759260.01,35390395.78
2018-09-17 00:00:00,buy,SZ000528,6.72,261897.85717179373,261897.85717179373,0.6620901823043823,1760009.99,33629505.79
2018-09-17 00:00:00,buy,SZ000681,9.84,178814.11894481746,178814.11894481746,0.37413153052330017,1760138.9,31868486.82
2018-09-17 00:00:00,buy,SH600967,12.55,140225.22190034928,140225.22190034928,0.9128172397613525,1760000.01,30107606.81
2018-09-18 00:00:00,sell,SZ000681,9.94,178814.11894481746,178814.11894481746,0.37414661049842834,1778273.79,31883213.19
2018-09-18 00:00:00,sell,SZ002299,1.34,1203680.857199587,1203680.857199587,0.08190824836492538,1615912.96,33496702.28
2018-09-18 00:00:00,sell,SH600525,7.56,225477.00531545506,225477.00531545506,1.007560133934021,1703862.35,35198008.84
2018-09-18 00:00:00,sell,SZ002444,1.64,1024117.6972125849,1024117.6972125849,0.15684206783771515,1680134.86,36875623.5
2018-09-18 00:00:00,sell,SH603444,1.61,1016560.520617598,1016560.520617598,0.013279363512992859,1639622.24,38512786.3
2018-09-18 00:00:00,buy,SZ002013,29.85,58351.5515906051,58351.5515906051,3.617727279663086,1741575.03,36770340.49
2018-09-18 00:00:00,buy,SZ002049,23.15,75194.27374479012,75194.27374479012,0.6290372610092163,1740639.99,35028830.18
2018-09-18 00:00:00,buy,SZ002463,0.87,1993296.0493671137,1993296.0493671137,0.13465134799480438,1741915.98,33286043.24
2018-09-18 00:00:00,buy,SZ000656,9.66,180417.16624531217,180417.16624531217,1.8640133142471313,1742034.02,31543138.2
2018-09-18 00:00:00,buy,SH600426,10.26,169726.6122123172,169726.6122123172,0.6663657426834106,1741740.01,29800527.31
2018-09-18 00:00:00,buy,SH603056,2.89,602475.8508510704,602475.8508510704,0.14440412819385529,1740870.0,28058786.88
2018-09-19 00:00:00,sell,SZ000877,8.65,207504.9875671808,207504.9875671808,1.1078722476959229,1795433.18,29851526.91
2018-09-19 00:00:00,sell,SH600426,10.29,169726.6122123172,169726.6122123172,0.6663711071014404,1746278.03,31595185.52
2018-09-19 00:00:00,sell,SH600282,2.39,706137.3631443636,706137.3631443636,0.5742101669311523,1690815.12,33283464.41
2018-09-19 00:00:00,sell,SH600801,12.82,147511.79275579922,147511.79275579922,0.6887739300727844,1890818.37,35171446.56
2018-09-19 00:00:00,sell,SZ002463,0.92,1993296.0493671137,1993296.0493671137,0.13464228808879852,1827680.91,36996385.95
2018-09-19 00:00:00,buy,SZ300032,0.56,3111450.933354731,3111450.933354731,0.1506049782037735,1757250.01,35238257.31
2018-09-19 00:00:00,buy,SZ002509,0.92,1906255.826000882,1906255.826000882,0.3559333384037018,1757314.93,33480063.72
2018-09-19 00:00:00,buy,SZ300418,1.88,932434.8598387073,932434.8598387073,0.13620254397392273,1756410.0,31722775.52
2018-09-19 00:00:00,buy,SZ300266,2.51,699172.8633220888,699172.8633220888,0.6410431861877441,1756943.9,29964953.15
2018-09-19 00:00:00,buy,SH600240,15.28,114938.8945215741,114938.8945215741,1.9593019485473633,1756560.04,28207514.82
2018-09-20 00:00:00,sell,SH603816,1.42,1204346.3313158732,1204346.3313158732,0.02889462187886238,1710029.32,29914979.1
2018-09-20 00:00:00,sell,SZ000887,15.01,122925.38410276834,122925.38410276834,1.4350428581237793,1845177.45,31757388.78
2018-09-20 00:00:00,sell,SH600598,3.69,457370.63934381196,457370.63934381196,0.3699222207069397,1688531.88,33443387.87
2018-09-20 00:00:00,sell,SH600673,9.71,186882.5987336002,186882.5987336002,1.2285927534103394,1813860.46,35254527.54
2018-09-20 00:00:00,sell,SZ002049,23.47,75194.27374479012,75194.27374479012,0.6290538907051086,1764809.55,37016689.88
2018-09-20 00:00:00,buy,SH601020,1.01,1742348.479463451,1742348.479463451,0.0986025482416153,1757514.0,35258297.13
2018-09-20 00:00:00,buy,SH600859,6.21,283161.1374935735,283161.1374935735,0.4054228663444519,1757588.0,33499830.33
2018-09-20 00:00:00,buy,SH600750,11.05,159021.64626930686,159021.64626930686,0.7263162136077881,1757910.04,31741041.34
2018-09-20 00:00:00,buy,SH600729,7.5,234307.42543403446,234307.42543403446,0.28594911098480225,1758080.07,29982082.23
2018-09-20 00:00:00,buy,SH600521,9.88,177782.5477684119,177782.5477684119,0.48767441511154175,1756541.95,28224662.01
2018-09-21 00:00:00,sell,SH600729,7.59,234307.42543403446,234307.42543403446,0.2859545946121216,1778214.19,30000208.88
2018-09-21 00:00:00,sell,SH603056,3.04,602475.8508510704,602475.8508510704,0.14435723423957825,1832494.71,31829954.84
2018-09-21 00:00:00,sell,SZ000528,7.18,261897.85717179373,261897.85717179373,0.6620926260948181,1881396.91,33708529.66
2018-09-21 00:00:00,sell,SZ002509,0.94,1906255.826000882,1906255.826000882,0.3559383749961853,1784480.29,35490333.23
2018-09-21 00:00:00,sell,SZ002110,1.95,972456.7871216882,972456.7871216882,0.11086325347423553,1894216.75,37381708.65
2018-09-21 00:00:00,buy,SH600312,5.74,309207.92957231106,309207.92957231106,0.8861351013183594,1775520.03,35605300.86
2018-09-21 00:00:00,buy,SZ002354,1.07,1659948.6583640398,1659948.6583640398,0.16012543439865112,1775543.99,33828869.1
2018-09-21 00:00:00,buy,SZ300055,0.95,1862617.846588689,1862617.846588689,0.09824881702661514,1775100.03,32052881.53
2018-09-21 00:00:00,buy,SZ000712,11.2,158593.8828054991,158593.8828054991,1.1999201774597168,1775499.0,30276494.77
2018-09-21 00:00:00,buy,SZ000566,7.98,222476.70495764233,222476.70495764233,1.3808187246322632,1775615.96,28499991.01
2018-09-25 00:00:00,sell,SH603659,2.04,925466.9629103455,925466.9629103455,0.04225202277302742,1885930.55,30383092.66
2018-09-25 00:00:00,sell,SZ000656,9.67,180417.16624531217,180417.16624531217,1.8639144897460938,1745304.35,32125779.06
2018-09-25 00:00:00,sell,SZ002600,0.67,2238698.6270915866,2238698.6270915866,0.20961494743824005,1496954.34,33620487.97
2018-09-25 00:00:00,sell,SZ000712,10.87,158593.8828054991,158593.8828054991,1.1999282836914062,1724129.65,35342031.43
2018-09-25 00:00:00,sell,SZ002233,1.71,1088621.3266729359,1088621.3266729359,0.15016233921051025,1861922.49,37201161.03
2018-09-25 00:00:00,buy,SZ002368,1.89,936305.7577544821,936305.7577544821,0.06344081461429596,1766556.01,35433721.74
2018-09-25 00:00:00,buy,SZ000990,4.17,423315.70661765983,423315.70661765983,0.28158652782440186,1766544.02,33666294.45
2018-09-25 00:00:00,buy,SZ002465,1.18,1500532.5765396126,1500532.5765396126,0.13215307891368866,1766852.97,31898558.05
2018-09-25 00:00:00,buy,SZ000089,2.64,668946.142907736,668946.142907736,0.3209525942802429,1766980.88,30130693.68
2018-09-25 00:00:00,buy,SZ300182,2.66,664301.917363416,664301.917363416,0.4592791199684143,1766529.05,28363281.36
2018-09-26 00:00:00,sell,SH600521,10.49,177782.5477684119,177782.5477684119,0.48767778277397156,1864062.84,30224548.11
2018-09-26 00:00:00,sell,SZ300182,2.63,664301.917363416,664301.917363416,0.45928385853767395,1748241.01,31970166.75
2018-09-26 00:00:00,sell,SZ002709,3.21,599592.1088983812,599592.1088983812,0.12840962409973145,1926374.83,33893652.02
2018-09-26 00:00:00,sell,SH600312,6.1,309207.92957231106,309207.92957231106,0.886171817779541,1885198.17,35776022.4
2018-09-26 00:00:00,sell,SH600258,7.01,271865.05520240165,271865.05520240165,0.34830743074417114,1906162.36,37679325.51
2018-09-26 00:00:00,buy,SZ300113,2.65,675202.5967291088,675202.5967291088,0.16321027278900146,1788546.11,35889885.13
2018-09-26 00:00:00,buy,SH600392,8.38,213381.89367116414,213381.89367116414,0.8899536728858948,1788858.03,34100132.67
2018-09-26 00:00:00,buy,SH600416,3.61,496195.2094003978,496195.2094003978,0.5233827233314514,1789332.9,32309905.11
2018-09-26 00:00:00,buy,SZ002589,3.78,473852.9822237134,473852.9822237134,0.38345226645469666,1789745.06,30519265.17
2018-09-26 00:00:00,buy,SH603444,1.57,1129521.1950809201,1129521.1950809201,0.013279963284730911,1777949.98,28740426.22
2018-09-26 00:00:00,buy,SZ000712,10.86,164757.75151164492,164757.75151164492,1.1999435424804688,1789185.06,26950346.56
2018-09-27 00:00:00,sell,SZ002002,4.06,497681.7905103373,497681.7905103373,1.2236227989196777,2021796.2,28969110.07
2018-09-27 00:00:00,sell,SH600754,6.16,304484.357683933,304484.357683933,0.24434003233909607,1874822.44,30841120.28
2018-09-27 00:00:00,sell,SZ000596,45.21,45638.787443913265,45638.787443913265,0.5455891489982605,2063216.2,32901241.65
2018-09-27 00:00:00,sell,SH600298,25.75,76223.30041456934,76223.30041456934,0.878981351852417,1963066.49,34861363.54
2018-09-27 00:00:00,buy,SZ002332,0.9,1930829.9936901866,1930829.9936901866,0.12554186582565308,1742855.98,33117636.13
2018-09-27 00:00:00,buy,SH600380,4.88,356860.18737979175,356860.18737979175,0.550635814666748,1742954.95,31373809.7
2018-09-27 00:00:00,buy,SH601872,0.68,2576045.7275971873,2576045.7275971873,0.19005873799324036,1742975.98,29629962.24
2018-09-27 00:00:00,buy,SZ000008,5.54,314390.48368063255,314390.48368063255,1.2598981857299805,1742839.97,27886250.85
2018-09-27 00:00:00,buy,SH603766,1.05,1654710.5354486844,1654710.5354486844,0.21580813825130463,1742648.04,26142731.48
2018-09-27 00:00:00,buy,SZ002183,1.73,1008495.1349352519,1008495.1349352519,0.2824009656906128,1742976.11,24398883.89
2018-09-28 00:00:00,sell,SZ002368,1.94,936305.7577544821,936305.7577544821,0.06343907862901688,1818184.15,26214340.76
2018-09-28 00:00:00,sell,SH600750,11.45,159021.64626930686,159021.64626930686,0.7263136506080627,1821428.55,28033037.17
2018-09-28 00:00:00,sell,SZ300032,0.56,3111450.933354731,3111450.933354731,0.1505538374185562,1747284.48,29777700.73
2018-09-28 00:00:00,sell,SZ000712,11.14,164757.75151164492,164757.75151164492,1.199896216392517,1834583.57,31609532.42
2018-09-28 00:00:00,buy,SH600885,12.04,146699.1699594793,146699.1699594793,0.5351086854934692,1766249.89,29842399.41
2018-09-28 00:00:00,buy,SH600258,7.05,250315.9137361018,250315.9137361018,0.3483597934246063,1765799.93,28075716.59
2018-09-28 00:00:00,buy,SH600478,6.76,261171.86155611443,261171.86155611443,1.6494885683059692,1766280.02,26308553.42
2018-09-28 00:00:00,buy,SH600460,6.41,275359.1052786266,275359.1052786266,0.6420706510543823,1766231.96,24541438.35
2018-10-08 00:00:00,sell,SZ002019,7.05,217367.92056419945,217367.92056419945,0.6292258501052856,1531863.34,26071003.89
2018-10-08 00:00:00,sell,SH600478,6.55,261171.86155611443,261171.86155611443,1.6494678258895874,1710254.44,27778692.95
2018-10-08 00:00:00,sell,SH600885,11.22,146699.1699594793,146699.1699594793,0.5351265668869019,1645415.05,29421639.87
2018-10-08 00:00:00,sell,SZ300010,1.15,1162738.548211746,1162738.548211746,0.1536790132522583,1340163.78,30759793.4
2018-10-08 00:00:00,buy,SZ002359,2.63,654165.1908229681,654165.1908229681,0.286166250705719,1718495.92,29040438.24
2018-10-08 00:00:00,buy,SZ300291,0.79,2182565.4673620006,2182565.4673620006,0.14689135551452637,1718415.99,27321163.04
2018-10-08 00:00:00,buy,SZ000681,9.54,180145.12308241683,180145.12308241683,0.3741427958011627,1718700.09,25601603.6
2018-10-08 00:00:00,buy,SZ002366,0.79,2170337.602559814,2170337.602559814,0.08344323933124542,1718639.07,23882105.21
2018-10-09 00:00:00,sell,SZ300274,1.27,1400380.7067007027,1400380.7067007027,0.19310326874256134,1784759.35,25664187.42
2018-10-09 00:00:00,sell,SZ002354,0.98,1659948.6583640398,1659948.6583640398,0.16006521880626678,1634055.3,27295791.64
2018-10-09 00:00:00,sell,SZ002183,1.7,1008495.1349352519,1008495.1349352519,0.28241100907325745,1714556.95,29007776.75
2018-10-09 00:00:00,sell,SZ300055,0.83,1862617.8465886891,1862617.8465886891,0.09824048727750778,1542559.12,30548022.03
2018-10-09 00:00:00,buy,SZ000830,11.44,149151.0719653325,149151.0719653325,0.8032124638557434,1705952.08,28841216.97
2018-10-09 00:00:00,buy,SZ002078,2.83,602286.7336027399,602286.7336027399,0.3891834020614624,1706432.07,27133931.68
2018-10-09 00:00:00,buy,SH603883,2.49,682237.7532292719,682237.7532292719,0.043386634439229965,1701408.05,25431672.93
2018-10-09 00:00:00,buy,SH600584,6.09,280303.54833724984,280303.54833724984,0.49874502420425415,1706958.03,23723861.42
2018-10-10 00:00:00,sell,SZ002174,2.81,602902.8510683832,602902.8510683832,0.1822652518749237,1695575.58,25416893.63
2018-10-10 00:00:00,sell,SH600392,8.6,213381.89367116414,213381.89367116414,0.8899322152137756,1834389.83,27248531.88
2018-10-10 00:00:00,sell,SH601872,0.74,2576045.7275971873,2576045.7275971873,0.1902490258216858,1896649.09,29142336.0
2018-10-10 00:00:00,sell,SZ000566,8.35,222476.70495764233,222476.70495764233,1.380849003791809,1858600.75,30998148.85
2018-10-10 00:00:00,buy,SH600511,21.75,79534.60523307741,79534.60523307741,0.8424006104469299,1729940.01,29267343.87
2018-10-10 00:00:00,buy,SZ002019,7.05,245698.74231030312,245698.74231030312,0.6292258501052856,1731519.98,27534958.13
2018-10-10 00:00:00,buy,SZ000661,63.55,26942.07987612802,26942.07987612802,0.2820866107940674,1712280.05,25821821.94
2018-10-10 00:00:00,buy,SZ300146,3.7,468556.9217714818,468556.9217714818,0.18396911025047302,1731758.05,24089198.01
2018-10-10 00:00:00,buy,SZ000596,40.48,42706.85578147623,42706.85578147623,0.5455798506736755,1728860.01,22359473.57
2018-10-11 00:00:00,sell,SZ000681,8.49,180145.12308241683,180145.12308241683,0.37413838505744934,1528613.94,23885794.59
2018-10-11 00:00:00,sell,SH600967,11.63,140225.22190034928,140225.22190034928,0.9127923846244812,1630675.59,25514024.16
2018-10-11 00:00:00,sell,SZ002366,0.73,2170337.602559814,2170337.602559814,0.08344606310129166,1577434.41,27089092.42
2018-10-11 00:00:00,buy,SH603369,1.98,812074.1418661017,812074.1418661017,0.10762564092874527,1608159.97,25480128.38
2018-10-11 00:00:00,buy,SZ000825,3.91,411612.2523133841,411612.2523133841,0.764554500579834,1608117.08,23871207.23
2018-10-11 00:00:00,buy,SZ002440,1.55,1039305.1076136264,1039305.1076136264,0.15645068883895874,1608113.92,22262289.25
2018-10-11 00:00:00,buy,SZ000860,14.08,114207.73019786527,114207.73019786527,0.3484877943992615,1607920.01,20653565.28
2018-10-12 00:00:00,sell,SZ300113,2.28,675202.5967291088,675202.5967291088,0.1632157415151596,1537341.46,22188600.73
2018-10-12 00:00:00,sell,SZ002465,1.02,1500532.5765396126,1500532.5765396126,0.1321439892053604,1528787.88,23715095.42
2018-10-12 00:00:00,sell,SH600416,3.06,496195.2094003978,496195.2094003978,0.5232595801353455,1518887.66,25231704.75
2018-10-12 00:00:00,sell,SH603766,0.91,1654710.5354486844,1654710.5354486844,0.21934548020362854,1513515.15,26742949.63
2018-10-12 00:00:00,sell,SH603444,1.31,1129521.1950809201,1129521.1950809201,0.013279503211379051,1480898.68,28221626.97
2018-10-12 00:00:00,buy,SZ002463,0.83,2164830.333201939,2164830.333201939,0.13465258479118347,1786895.08,26433838.45
2018-10-12 00:00:00,buy,SZ000636,4.12,433448.2144603445,433448.2144603445,0.3276054561138153,1786359.89,24646585.38
2018-10-12 00:00:00,buy,SZ002281,2.52,708852.7469912404,708852.7469912404,0.10820300877094269,1785576.11,22860116.48
2018-10-12 00:00:00,buy,SH600754,5.76,309793.634673678,309793.634673678,0.2443562150001526,1785762.91,21073460.69
2018-10-15 00:00:00,sell,SZ000661,49.9,26942.07987612802,26942.07987612802,0.2820884585380554,1344372.83,22415816.96
2018-10-15 00:00:00,sell,SH600240,6.11,114938.8945215741,114938.8945215741,1.9593019485473633,702624.03,23117387.05
2018-10-15 00:00:00,sell,SZ000990,3.38,423315.70661765983,423315.70661765983,0.2816144824028015,1430542.0,24545783.24
2018-10-15 00:00:00,sell,SZ002440,1.55,1039305.1076136263,1039305.1076136263,0.15644176304340363,1611273.99,26154640.32
2018-10-15 00:00:00,sell,SZ002463,0.84,2164830.333201939,2164830.333201939,0.1346345841884613,1815802.29,27967718.91
2018-10-15 00:00:00,buy,SH600267,2.46,675482.5592678011,675482.5592678011,0.21628981828689575,1659695.93,26307193.13
2018-10-15 00:00:00,buy,SH600673,9.8,169308.88230239757,169308.88230239757,1.228523850440979,1659840.0,24646523.21
2018-10-15 00:00:00,buy,SH600500,1.93,860757.9063647238,860757.9063647238,0.2853299379348755,1660256.11,22985436.97
2018-10-15 00:00:00,buy,SH600201,20.75,80000.14006572538,80000.14006572538,1.2337478399276733,1660133.98,21324472.93
2018-10-15 00:00:00,buy,SZ002635,1.74,953637.4464342677,953637.4464342677,0.16536682844161987,1660581.04,19663061.6
2018-10-15 00:00:00,buy,SH600053,4.34,382643.8682504059,382643.8682504059,0.38599860668182373,1660148.05,18002083.47
2018-10-16 00:00:00,sell,SH600500,1.9,860757.9063647238,860757.9063647238,0.2853461802005768,1633333.0,19632966.47
2018-10-16 00:00:00,sell,SZ000825,3.66,411612.2523133841,411612.2523133841,0.764480710029602,1507267.52,21137973.09
2018-10-16 00:00:00,sell,SH600879,3.5,401259.16059435514,401259.16059435514,0.6275275945663452,1402532.65,22538401.94
2018-10-16 00:00:00,sell,SH600511,19.86,79534.60523307741,79534.60523307741,0.8424183130264282,1579223.11,24115256.21
2018-10-16 00:00:00,buy,SH600312,6.07,251560.35830472963,251560.35830472963,0.886069655418396,1526865.02,22587627.76
2018-10-16 00:00:00,buy,SH600259,8.05,189677.0145322152,189677.0145322152,0.33267077803611755,1527019.93,21059844.32
2018-10-16 00:00:00,buy,SH600885,10.18,149877.29666472925,149877.29666472925,0.5351043939590454,1525404.02,19533677.59
2018-10-16 00:00:00,buy,SH600777,5.0,305603.26602036186,305603.26602036186,2.0480802059173584,1527195.91,18005718.08
2018-10-17 00:00:00,sell,SH600760,23.46,69229.1476133254,69229.1476133254,0.6774457097053528,1624112.04,19627393.96
2018-10-17 00:00:00,sell,SZ300266,2.26,699172.8633220888,699172.8633220888,0.6410353779792786,1577644.9,21202672.39
2018-10-17 00:00:00,sell,SH601020,0.83,1742348.479463451,1742348.479463451,0.09855392575263977,1442408.46,22642917.23
2018-10-17 00:00:00,sell,SH600673,9.37,169308.88230239757,169308.88230239757,1.2285393476486206,1587060.06,24227596.7
2018-10-17 00:00:00,sell,SH600380,4.22,356860.18737979175,356860.18737979175,0.6086089611053467,1505115.09,25730454.12
2018-10-17 00:00:00,buy,SZ000513,11.17,145812.1453653408,145812.1453653408,0.4039444029331207,1629174.03,24100465.5
2018-10-17 00:00:00,buy,SH600317,2.98,547416.0608600393,547416.0608600393,1.1673022508621216,1629449.96,22470200.82
2018-10-17 00:00:00,buy,SH600426,10.77,151125.1877988909,151125.1877988909,0.6663349866867065,1628319.07,20841067.58
2018-10-17 00:00:00,buy,SH600256,6.92,235355.89031784004,235355.89031784004,1.473088264465332,1629490.0,19210762.84
2018-10-17 00:00:00,buy,SZ002155,0.26,6165225.005741813,6165225.005741813,0.04040404036641121,1629113.92,17580834.36
2018-10-18 00:00:00,sell,SZ002635,1.75,953637.4464342677,953637.4464342677,0.1653623878955841,1665267.25,19243603.72
2018-10-18 00:00:00,sell,SZ002281,2.47,708852.7469912404,708852.7469912404,0.10819891095161438,1748693.76,20989674.44
2018-10-18 00:00:00,sell,SZ000596,38.18,42706.85578147623,42706.85578147623,0.5455807447433472,1630536.53,22617765.16
2018-10-18 00:00:00,sell,SH600312,5.92,251560.35830472966,251560.35830472966,0.8861539959907532,1489113.79,24104645.28
2018-10-18 00:00:00,buy,SH600648,2.59,589296.227631352,589296.227631352,0.2100811004638672,1526453.93,22577428.12
2018-10-18 00:00:00,buy,SH603766,0.82,1865652.4608268957,1865652.4608268957,0.2193334549665451,1526315.92,21050349.05
2018-10-18 00:00:00,buy,SZ002640,4.01,380190.6820830338,380190.6820830338,0.4208414554595947,1526400.09,19523185.75
2018-10-18 00:00:00,buy,SZ002110,1.73,879671.111193569,879671.111193569,0.11083687841892242,1525875.05,17996547.76
2018-10-18 00:00:00,buy,SZ300182,2.06,740329.9591240251,740329.9591240251,0.4592546820640564,1526600.12,16469184.35
2018-10-18 00:00:00,buy,SZ002354,0.79,1929574.467871286,1929574.467871286,0.16013893485069275,1526460.07,14941961.04
2018-10-19 00:00:00,sell,SH600777,4.79,305603.26602036186,305603.26602036186,2.0481271743774414,1464639.51,16404403.59
2018-10-19 00:00:00,sell,SZ000089,2.52,668946.142907736,668946.142907736,0.32096973061561584,1685484.94,18087360.3
2018-10-19 00:00:00,sell,SH600201,19.37,80000.14006572538,80000.14006572538,1.2337371110916138,1549576.54,19634612.47
2018-10-19 00:00:00,sell,SZ002110,1.77,879671.111193569,879671.111193569,0.11085227876901627,1553390.78,21185673.17
2018-10-19 00:00:00,sell,SZ002155,0.25,6165225.005741813,6165225.005741813,0.04042065516114235,1515150.78,22698551.22
2018-10-19 00:00:00,buy,SZ300156,0.53,3120004.819123288,3120004.819123288,0.1377241462469101,1658641.98,21039079.92
2018-10-19 00:00:00,buy,SZ000426,4.52,367175.5973913011,367175.5973913011,1.0218544006347656,1658383.95,19379866.77
2018-10-19 00:00:00,buy,SZ000806,1.54,1078754.6919494206,1078754.6919494206,0.3824780583381653,1658652.11,17720385.34
2018-10-19 00:00:00,buy,SH600751,2.65,626366.9827232902,626366.9827232902,0.8886164426803589,1658668.01,16060888.0
2018-10-22 00:00:00,sell,SZ000008,5.05,314390.48368063255,314390.48368063255,1.2598594427108765,1588312.13,17646817.66
2018-10-22 00:00:00,sell,SH603766,0.88,1865652.4608268957,1865652.4608268957,0.21933744847774506,1645013.9,19289364.04
2018-10-22 00:00:00,sell,SZ002013,29.59,58351.5515906051,58351.5515906051,3.6176650524139404,1726768.33,21013542.22
2018-10-22 00:00:00,sell,SZ000806,1.61,1078754.6919494206,1078754.6919494206,0.38247328996658325,1732898.31,22743841.18
2018-10-22 00:00:00,sell,SH600317,3.09,547416.0608600393,547416.0608600393,1.1673650741577148,1693441.19,24434742.21
2018-10-22 00:00:00,buy,SZ000980,2.74,605022.3887752994,605022.3887752994,0.6199770569801331,1657941.95,22775971.28
2018-10-22 00:00:00,buy,SH600280,4.75,348905.4451599683,348905.4451599683,1.331019639968872,1657907.95,21117234.38
2018-10-22 00:00:00,buy,SZ002583,2.26,734757.7660677836,734757.7660677836,0.3191528022289276,1657915.04,19458490.38
2018-10-22 00:00:00,buy,SH601020,0.83,1986021.6506406004,1986021.6506406004,0.09853870421648026,1657578.95,17800082.64
2018-10-23 00:00:00,sell,SH600138,5.49,304965.00987390795,304965.00987390795,0.3905628025531769,1673467.19,19471039.64
2018-10-23 00:00:00,sell,SH600460,5.78,275359.1052786266,275359.1052786266,0.6420475840568542,1592910.76,21061561.03
2018-10-23 00:00:00,sell,SH600053,4.83,382643.8682504059,382643.8682504059,0.38600513339042664,1847758.23,22906547.62
2018-10-23 00:00:00,sell,SZ000636,4.62,433448.2144603445,433448.2144603445,0.3276129364967346,2002245.68,24905789.93
2018-10-23 00:00:00,sell,SZ000513,11.65,145812.1453653408,145812.1453653408,0.40394437313079834,1699264.89,26602505.92
2018-10-23 00:00:00,buy,SZ300010,1.35,1251177.3248688497,1251177.3248688497,0.1536952406167984,1684548.04,24917115.61
2018-10-23 00:00:00,buy,SH600201,20.95,80404.86543452305,80404.86543452305,1.233756184577942,1684416.05,23231857.35
2018-10-23 00:00:00,buy,SH600729,7.49,224861.97521479163,224861.97521479163,0.28595319390296936,1684659.94,21546355.09
2018-10-23 00:00:00,buy,SH601717,0.49,3443869.764658635,3443869.764658635,0.07151838392019272,1684692.02,19860820.73
2018-10-23 00:00:00,buy,SH600315,20.09,83820.82580222885,83820.82580222885,0.7933589220046997,1683780.06,18176198.77
2018-10-24 00:00:00,sell,SZ002583,2.26,734757.7660677836,734757.7660677836,0.31913653016090393,1662520.34,19836225.33
2018-10-24 00:00:00,sell,SZ300182,2.23,740329.9591240251,740329.9591240251,0.4592580199241638,1652412.14,21486158.85
2018-10-24 00:00:00,sell,SH600426,10.37,151125.1877988909,151125.1877988909,0.6663380265235901,1566899.24,23050707.75
2018-10-24 00:00:00,sell,SH603369,1.71,812074.1418661017,812074.1418661017,0.10760565102100372,1387654.16,24436280.42
2018-10-24 00:00:00,sell,SZ300146,3.5,468556.92177148175,468556.92177148175,0.18397024273872375,1641258.05,26075076.59
2018-10-24 00:00:00,buy,SH601001,0.94,1754720.37040372,1754720.37040372,0.19444693624973297,1651408.03,24422842.86
2018-10-24 00:00:00,buy,SZ000553,7.29,226590.67125915107,226590.67125915107,0.7250960469245911,1651214.99,22770802.26
2018-10-24 00:00:00,buy,SH600884,6.61,249844.63706019512,249844.63706019512,0.49790942668914795,1650787.94,21119188.93
2018-10-24 00:00:00,buy,SZ002603,0.63,2616133.714355859,2616133.714355859,0.06008867174386978,1650600.07,19467763.56
2018-10-25 00:00:00,sell,SH600259,8.09,189677.0145322152,189677.0145322152,0.3327142000198364,1535423.36,21000883.79
2018-10-25 00:00:00,sell,SH600751,2.67,626366.9827232902,626366.9827232902,0.8884615302085876,1669508.87,22667888.39
2018-10-25 00:00:00,sell,SH601717,0.49,3443869.764658635,3443869.764658635,0.07151810824871063,1674833.59,24340209.72
2018-10-25 00:00:00,sell,SH601020,0.84,1986021.6506406004,1986021.6506406004,0.09864376485347748,1667182.57,26004891.52
2018-10-25 00:00:00,sell,SZ300010,1.33,1251177.3248688497,1251177.3248688497,0.15369728207588196,1663417.08,27665813.48
2018-10-25 00:00:00,buy,SZ002707,2.54,646673.2018450848,646673.2018450848,0.36030563712120056,1642649.97,26022342.18
2018-10-25 00:00:00,buy,SZ000513,10.85,151263.57300405463,151263.57300405463,0.4039306938648224,1640534.99,24380986.92
2018-10-25 00:00:00,buy,SH600240,5.88,279472.20169867994,279472.20169867994,1.959049940109253,1642500.07,22737665.61
2018-10-25 00:00:00,buy,SZ002477,0.53,3086087.9774375465,3086087.9774375465,0.3524850904941559,1642578.01,21094266.3
2018-10-25 00:00:00,buy,SZ002635,1.79,915071.9109092914,915071.9109092914,0.16534219682216644,1641605.0,19451840.5
2018-10-26 00:00:00,sell,SZ002707,2.44,646673.2018450848,646673.2018450848,0.36027443408966064,1574943.54,21024421.62
2018-10-26 00:00:00,sell,SH600729,7.63,224861.97521479163,224861.97521479163,0.2859386205673218,1716722.48,22738569.02
2018-10-26 00:00:00,sell,SZ002640,4.4,380190.6820830338,380190.6820830338,0.4208546578884125,1672052.42,24408113.37
2018-10-26 00:00:00,sell,SH600648,2.78,589296.227631352,589296.227631352,0.2100818008184433,1636641.52,26042299.93
2018-10-26 00:00:00,sell,SZ300291,0.71,2182565.4673620006,2182565.4673620006,0.14689813554286957,1558187.93,27598150.58
2018-10-26 00:00:00,buy,SZ002049,19.32,84731.5113074289,84731.5113074289,0.6290457844734192,1637375.92,25959955.97
2018-10-26 00:00:00,buy,SZ000977,11.68,140217.62822397743,140217.62822397743,0.661828339099884,1637920.06,24321216.95
2018-10-26 00:00:00,buy,SZ002699,1.97,832654.6501401697,832654.6501401697,0.34636208415031433,1638112.01,22682285.88
2018-10-26 00:00:00,buy,SZ002051,1.76,933122.9348749535,933122.9348749535,0.16075052320957184,1637999.94,21043466.94
2018-10-26 00:00:00,buy,SZ002030,12.79,127997.29183645692,127997.29183645692,1.0851792097091675,1637630.88,19405017.25
2018-10-26 00:00:00,buy,SH600557,4.02,407297.810810655,407297.810810655,0.4497937262058258,1637807.97,17766390.38
2018-10-29 00:00:00,sell,SH600201,21.23,80404.86543452305,80404.86543452305,1.2337470054626465,1707219.32,19471048.86
2018-10-29 00:00:00,sell,SH600240,6.05,279472.20169867994,279472.20169867994,1.9592407941818237,1691939.87,21160450.83
2018-10-29 00:00:00,sell,SH600267,2.5,675482.5592678011,675482.5592678011,0.21626698970794678,1685816.08,22843738.18
2018-10-29 00:00:00,sell,SZ002354,0.82,1929574.467871286,1929574.467871286,0.16013982892036438,1575908.74,24417283.05
2018-10-29 00:00:00,sell,SH600256,6.44,235355.89031784004,235355.89031784004,1.4730459451675415,1515035.53,25930046.03
2018-10-29 00:00:00,buy,SZ300088,2.24,734050.499040122,734050.499040122,0.45746171474456787,1642062.03,24287162.97
2018-10-29 00:00:00,buy,SH600729,7.65,214385.40506325552,214385.40506325552,0.28593364357948303,1639775.01,22646568.07
2018-10-29 00:00:00,buy,SH603328,0.89,1842733.6443976115,1842733.6443976115,0.10571251064538956,1642163.95,21003583.04
2018-10-29 00:00:00,buy,SH600808,1.81,908640.3652348085,908640.3652348085,0.43339478969573975,1642145.95,19360616.01
2018-10-29 00:00:00,buy,SH600138,4.88,336461.8314417215,336461.8314417215,0.3905346393585205,1641185.98,17718609.44
2018-10-29 00:00:00,buy,SZ002373,1.04,1580384.3324291953,1580384.3324291953,0.08485277742147446,1641383.91,16076404.84
2018-10-30 00:00:00,sell,SH600138,4.92,336461.8314417215,336461.8314417215,0.3905349671840668,1655641.4,17729562.77
2018-10-30 00:00:00,sell,SZ000860,11.22,114207.73019786525,114207.73019786525,0.3484952747821808,1281587.54,19009227.93
2018-10-30 00:00:00,sell,SZ002332,0.79,1930829.9936901866,1930829.9936901866,0.12556442618370056,1529818.9,20536752.1
2018-10-30 00:00:00,sell,SZ000418,21.86,77713.94958877983,77713.94958877983,0.5082879662513733,1698545.8,22232750.08
2018-10-30 00:00:00,sell,SZ300088,2.13,734050.499040122,734050.499040122,0.4574953317642212,1561584.67,23791992.37
2018-10-30 00:00:00,buy,SZ000987,6.21,260046.35797553734,260046.35797553734,0.7948582768440247,1614327.04,22176858.17
2018-10-30 00:00:00,buy,SZ002390,0.88,1844435.5643669188,1844435.5643669188,0.19534431397914886,1614143.98,20561907.12
2018-10-30 00:00:00,buy,SZ002414,1.18,1366216.4073139797,1366216.4073139797,0.08278337121009827,1613936.91,18947163.24
2018-10-30 00:00:00,buy,SZ002583,2.25,716343.5664715555,716343.5664715555,0.3191206157207489,1613915.92,17332440.36
2018-10-30 00:00:00,buy,SH600563,7.03,228986.12467732842,228986.12467732842,0.19084125757217407,1610781.96,15720853.01
2018-10-30 00:00:00,buy,SH600380,4.34,372016.13076013053,372016.13076013053,0.6085757613182068,1614232.0,14105813.89
2018-10-31 00:00:00,sell,SH600754,5.59,309793.634673678,309793.634673678,0.24433071911334991,1731078.32,15834295.6
2018-10-31 00:00:00,sell,SZ002359,2.69,654165.1908229681,654165.1908229681,0.28619030117988586,1757955.88,17589614.54
2018-10-31 00:00:00,sell,SZ002583,2.34,716343.5664715555,716343.5664715555,0.319103866815567,1675550.14,19262651.35
2018-10-31 00:00:00,sell,SZ300418,1.68,932434.8598387073,932434.8598387073,0.13620701432228088,1564691.36,20824995.68
2018-10-31 00:00:00,sell,SZ002603,0.64,2616133.714355859,2616133.714355859,0.06010162830352783,1683975.03,22506444.75
2018-10-31 00:00:00,buy,SZ000488,2.33,706445.3977742743,706445.3977742743,0.4134785234928131,1644523.08,20861099.41
2018-10-31 00:00:00,buy,SZ002384,1.23,1340776.6796424205,1340776.6796424205,0.10464084148406982,1644316.08,19215961.17
2018-10-31 00:00:00,buy,SH600179,3.79,433894.50809433224,433894.50809433224,0.5220162868499756,1644390.03,17570748.95
2018-10-31 00:00:00,buy,SZ002281,2.78,591524.2395601891,591524.2395601891,0.10819505900144577,1643519.97,15926407.22
2018-10-31 00:00:00,buy,SH600811,3.14,524035.7847136512,524035.7847136512,0.8129215836524963,1644359.95,14281225.09
2018-11-01 00:00:00,sell,SZ002477,0.54,3086087.9774375465,3086087.9774375465,0.3524992763996124,1664401.08,15943129.57
2018-11-01 00:00:00,sell,SH600729,7.58,214385.40506325552,214385.40506325552,0.2859576344490051,1625199.29,17565891.06
2018-11-01 00:00:00,sell,SH600557,4.27,407297.810810655,407297.810810655,0.449785441160202,1740367.91,19303648.42
2018-11-01 00:00:00,sell,SH603328,0.93,1842733.6443976115,1842733.6443976115,0.10573460161685944,1722391.85,21023456.68
2018-11-01 00:00:00,sell,SZ002051,1.78,933122.9348749535,933122.9348749535,0.16075196862220764,1659014.93,22679983.09
2018-11-01 00:00:00,buy,SH600183,6.4,258754.474697378,258754.474697378,0.6790220737457275,1656851.02,21022303.65
2018-11-01 00:00:00,buy,SZ000686,3.52,471098.8930903218,471098.8930903218,0.554023802280426,1657350.11,19364124.86
2018-11-01 00:00:00,buy,SZ002681,3.28,505736.77244336606,505736.77244336606,0.8903841376304626,1657103.92,17706192.39
2018-11-01 00:00:00,buy,SH600125,5.3,312924.8429276077,312924.8429276077,0.6995289921760559,1657073.0,16048290.85
2018-11-01 00:00:00,buy,SZ000563,4.58,362018.8042276684,362018.8042276684,1.589420199394226,1657152.08,14390310.2
2018-11-02 00:00:00,sell,SH600859,6.03,283161.1374935735,283161.1374935735,0.40542370080947876,1707079.61,16094829.19
2018-11-02 00:00:00,sell,SZ000426,5.41,367175.5973913011,367175.5973913011,1.0218435525894165,1984786.93,18076638.93
2018-11-02 00:00:00,sell,SZ002019,7.12,245698.74231030312,245698.74231030312,0.6292299628257751,1750083.47,19824097.28
2018-11-02 00:00:00,sell,SH600808,1.84,908640.3652348085,908640.3652348085,0.4337269365787506,1670991.68,21492582.47
2018-11-02 00:00:00,sell,SH600280,5.1,348905.4451599683,348905.4451599683,1.3309262990951538,1778527.32,23268442.0
2018-11-02 00:00:00,buy,SH603188,0.68,2508550.7848391044,2508550.7848391044,0.07318966835737228,1700136.03,21567455.9
2018-11-02 00:00:00,buy,SH603198,0.95,1788813.3295425486,1788813.3295425486,0.06462384760379791,1699319.97,19867286.27
2018-11-02 00:00:00,buy,SZ002244,0.94,1806358.0872894628,1806358.0872894628,0.23411747813224792,1700058.02,18166378.22
2018-11-02 00:00:00,buy,SZ300266,2.44,696088.54625608,696088.54625608,0.6410104036331177,1700022.1,16465506.11
2018-11-02 00:00:00,buy,SZ000703,15.56,109221.16783668594,109221.16783668594,1.138973355293274,1699303.93,14765352.53
2018-11-05 00:00:00,sell,SZ000987,6.52,260046.35797553734,260046.35797553734,0.7948350310325623,1694890.43,16457700.63
2018-11-05 00:00:00,sell,SZ000488,2.49,706445.3977742743,706445.3977742743,0.4134705662727356,1761329.08,18216387.72
2018-11-05 00:00:00,sell,SZ002589,3.69,473852.9822237135,473852.9822237135,0.3834329843521118,1747866.0,19961631.92
2018-11-05 00:00:00,sell,SZ000703,15.26,109221.16783668594,109221.16783668594,1.1389751434326172,1666962.64,21626094.11
2018-11-05 00:00:00,sell,SH600563,7.61,228986.12467732842,228986.12467732842,0.19083550572395325,1743577.51,23367056.26
2018-11-05 00:00:00,buy,SH600392,9.17,186095.75984323065,186095.75984323065,0.889864444732666,1707335.99,21658866.6
2018-11-05 00:00:00,buy,SZ002841,3.67,464254.758156946,464254.758156946,0.05901931971311569,1705649.97,19952363.81
2018-11-05 00:00:00,buy,SH600155,2.68,636470.6823871827,636470.6823871827,0.3373289704322815,1706865.0,18244645.38
2018-11-05 00:00:00,buy,SZ300166,4.56,374525.7486679469,374525.7486679469,0.38795730471611023,1707275.02,16536516.72
2018-11-06 00:00:00,sell,SZ000686,3.61,471098.8930903218,471098.8930903218,0.553988516330719,1701611.67,18235575.97
2018-11-06 00:00:00,sell,SZ002281,2.9,591524.2395601891,591524.2395601891,0.10820210725069046,1716591.89,19949592.97
2018-11-06 00:00:00,sell,SZ000977,12.58,140217.62822397743,140217.62822397743,0.6618435382843018,1763240.53,21710188.64
2018-11-06 00:00:00,sell,SH600155,2.64,636470.6823871827,636470.6823871827,0.3372929096221924,1678774.61,23386445.09
2018-11-06 00:00:00,sell,SZ000563,4.64,362018.8042276684,362018.8042276684,1.589269995689392,1680009.22,25063934.3
2018-11-06 00:00:00,buy,SH603444,1.66,1016597.7357220253,1016597.7357220253,0.013279588893055916,1692629.98,23370458.0
2018-11-06 00:00:00,buy,SH603589,1.51,1122264.6274725804,1122264.6274725804,0.044909194111824036,1698983.89,21670624.62
2018-11-06 00:00:00,buy,SZ002745,0.9,1898892.585569483,1898892.585569483,0.06624913960695267,1699557.95,19970216.89
2018-11-06 00:00:00,buy,SH601801,0.88,1938989.7545875788,1938989.7545875788,0.12599344551563263,1700327.89,18269038.84
2018-11-06 00:00:00,buy,SZ002491,1.61,1057028.2771881463,1057028.2771881463,0.21919943392276764,1700678.07,16567510.43
2018-11-07 00:00:00,sell,SH600884,7.31,249844.63706019512,249844.63706019512,0.49790656566619873,1827425.42,18392194.71
2018-11-07 00:00:00,sell,SZ000513,12.89,151263.57300405463,151263.57300405463,0.4039517939090729,1950413.87,20339682.96
2018-11-07 00:00:00,sell,SZ300166,4.54,374525.7486679469,374525.7486679469,0.38795045018196106,1698527.08,22035662.24
2018-11-07 00:00:00,sell,SH600258,6.06,250315.9137361018,250315.9137361018,0.34832197427749634,1517987.23,23551372.49
2018-11-07 00:00:00,sell,SH600380,4.87,372016.13076013053,372016.13076013053,0.608619213104248,1811329.32,25359984.82
2018-11-07 00:00:00,buy,SH600635,4.91,350421.07502919703,350421.07502919703,1.1554670333862305,1720825.08,23638299.32
2018-11-07 00:00:00,buy,SZ000028,12.78,134649.4801255814,134649.4801255814,0.2792435586452484,1720200.09,21917239.13
2018-11-07 00:00:00,buy,SH601128,1.1,1560982.1399258205,1560982.1399258205,0.16906023025512695,1720628.07,20195750.74
2018-11-07 00:00:00,buy,SH603868,1.52,1132649.5155693113,1132649.5155693113,0.04114247113466263,1718608.01,18476283.43
2018-11-07 00:00:00,buy,SZ001696,6.5,264911.28405054763,264911.28405054763,1.347620964050293,1720739.98,16754683.08
2018-11-07 00:00:00,buy,SZ000712,11.56,148837.74834391032,148837.74834391032,1.1999644041061401,1719918.03,15033905.09
2018-11-08 00:00:00,sell,SH603188,0.66,2508550.7848391044,2508550.7848391044,0.07320155948400497,1650832.14,16682260.98
2018-11-08 00:00:00,sell,SZ002681,3.53,505736.77244336606,505736.77244336606,0.8903743624687195,1787671.38,18467250.85
2018-11-08 00:00:00,sell,SH600635,4.92,350421.07502919703,350421.07502919703,1.1554616689682007,1724865.91,20189529.46
2018-11-08 00:00:00,sell,SZ002345,0.89,1710670.9014844724,1710670.9014844724,0.17471256852149963,1524266.15,21711509.22
2018-11-08 00:00:00,sell,SH600183,6.57,258754.474697378,258754.474697378,0.6789968609809875,1700712.95,23409671.1
2018-11-08 00:00:00,buy,SH600895,3.92,436143.58997524605,436143.58997524605,0.2744508981704712,1710513.02,21698302.83
2018-11-08 00:00:00,buy,SZ000686,3.51,487736.4765404781,487736.4765404781,0.5539876818656921,1710365.99,19987081.65
2018-11-08 00:00:00,buy,SZ000563,4.48,381671.67642110836,381671.67642110836,1.5893241167068481,1710612.0,18275614.35
2018-11-08 00:00:00,buy,SH603806,0.89,1923342.8050006728,1923342.8050006728,0.03545909747481346,1709092.03,16565667.77
2018-11-08 00:00:00,buy,SZ000987,6.11,280112.8224874394,280112.8224874394,0.795036792755127,1710335.89,14854476.71
2018-11-08 00:00:00,buy,SH600410,4.09,417753.34662186116,417753.34662186116,0.6539744138717651,1710231.95,13143389.65
2018-11-08 00:00:00,buy,SZ002503,1.15,1487787.8544318017,1487787.8544318017,0.4439477026462555,1710695.1,11431839.2
2018-11-08 00:00:00,buy,SZ300291,0.74,2324150.6880453816,2324150.6880453816,0.14689236879348755,1710413.94,9720570.06
2018-11-09 00:00:00,sell,SH600895,3.75,436143.58997524605,436143.58997524605,0.27445274591445923,1637507.1,11355620.9
2018-11-09 00:00:00,sell,SZ002841,3.66,464254.758156946,464254.758156946,0.0590163916349411,1698715.76,13051788.58
2018-11-09 00:00:00,sell,SZ300266,2.62,696088.54625608,696088.54625608,0.6410009860992432,1824931.23,14873982.41
2018-11-09 00:00:00,sell,SZ002030,13.19,127997.29183645692,127997.29183645692,1.0852054357528687,1687675.72,16559126.62
2018-11-09 00:00:00,sell,SZ000712,11.52,148837.74834391032,148837.74834391032,1.1999125480651855,1714485.88,18271040.77
2018-11-09 00:00:00,buy,SH601678,0.82,2112411.6208620802,2112411.6208620802,0.18017321825027466,1735536.03,16534636.97
2018-11-09 00:00:00,buy,SZ000750,7.62,227734.63478420343,227734.63478420343,1.6497271060943604,1735733.93,14798035.18
2018-11-09 00:00:00,buy,SH600160,10.1,171795.82782988847,171795.82782988847,1.393514633178711,1735649.92,13061517.44
2018-11-09 00:00:00,buy,SH600422,3.58,484486.6623850336,484486.6623850336,0.48463666439056396,1735171.91,11325477.94
2018-11-09 00:00:00,buy,SH600021,2.22,780873.2712193128,780873.2712193128,0.2991522550582886,1735647.86,9588962.26
2018-11-12 00:00:00,sell,SZ002491,1.69,1057028.2771881463,1057028.2771881463,0.2191891223192215,1781689.11,11367978.83
2018-11-12 00:00:00,sell,SH600422,3.55,484486.6623850336,484486.6623850336,0.48459315299987793,1720929.45,13086326.89
2018-11-12 00:00:00,sell,SH600885,12.25,149877.29666472925,149877.29666472925,0.5351450443267822,1836719.42,14920291.23
2018-11-12 00:00:00,sell,SH603198,0.96,1788813.3295425486,1788813.3295425486,0.06463709473609924,1719324.42,16637036.66
2018-11-12 00:00:00,sell,SH603806,0.9,1923342.8050006728,1923342.8050006728,0.0354684554040432,1739558.92,18373986.23
2018-11-12 00:00:00,buy,SZ002841,3.87,449040.4332984085,449040.4332984085,0.05901473015546799,1739724.95,16633391.42
2018-11-12 00:00:00,buy,SZ000572,1.09,1604878.2652156118,1604878.2652156118,0.45318078994750977,1745519.92,14886998.74
2018-11-12 00:00:00,buy,SZ000860,11.9,146645.98373051433,146645.98373051433,0.3484582304954529,1745064.91,13141061.29
2018-11-12 00:00:00,buy,SH600729,7.6,229411.06682358377,229411.06682358377,0.28594958782196045,1744303.94,11395885.2
2018-11-13 00:00:00,sell,SH600392,9.08,186095.75984323065,186095.75984323065,0.8898875713348389,1689164.0,13082515.45
2018-11-13 00:00:00,sell,SZ300156,0.69,3120004.819123288,3120004.819123288,0.13773426413536072,2144360.61,15223659.52
2018-11-13 00:00:00,sell,SH603868,1.57,1132649.5155693113,1132649.5155693113,0.041149966418743134,1782308.71,17003294.77
2018-11-13 00:00:00,sell,SH600021,2.27,780873.2712193128,780873.2712193128,0.2991083562374115,1770428.27,18771067.4
2018-11-13 00:00:00,sell,SH603883,2.8,682237.7532292719,682237.7532292719,0.043381985276937485,1908995.32,20677199.22
2018-11-13 00:00:00,buy,SH600155,2.82,633848.6950590472,633848.6950590472,0.3373044729232788,1785230.13,18891076.47
2018-11-13 00:00:00,buy,SZ000878,2.99,598105.0008470519,598105.0008470519,0.3439195454120636,1785475.98,17104707.75
2018-11-13 00:00:00,buy,SZ000975,5.44,328270.03476677724,328270.03476677724,0.6266182661056519,1785476.1,15318338.91
2018-11-13 00:00:00,buy,SH600256,6.57,271744.91395949625,271744.91395949625,1.4730726480484009,1785337.96,13532108.29
2018-11-13 00:00:00,buy,SH600623,2.46,726081.8387392398,726081.8387392398,0.2753133177757263,1785106.93,11746108.8
2018-11-13 00:00:00,buy,SZ002368,1.74,1023036.8995491382,1023036.8995491382,0.06343857198953629,1784749.99,9960466.44
2018-11-14 00:00:00,sell,SH603589,1.6,1122264.6274725804,1122264.6274725804,0.04490405321121216,1792018.88,11749797.29
2018-11-14 00:00:00,sell,SH603444,1.81,1016597.7357220253,1016597.7357220253,0.013279575854539871,1841668.31,13588703.09
2018-11-14 00:00:00,sell,SZ300291,0.82,2324150.6880453816,2324150.6880453816,0.14690014719963074,1894870.33,15480731.12
2018-11-14 00:00:00,sell,SZ002503,1.26,1487787.8544318017,1487787.8544318017,0.44394850730895996,1869218.33,17347145.63
2018-11-14 00:00:00,sell,SZ000750,7.87,227734.63478420343,227734.63478420343,1.6495002508163452,1791842.5,19136300.36
2018-11-14 00:00:00,buy,SZ002302,1.59,1145655.054264158,1145655.054264158,0.13188961148262024,1817732.99,17317658.51
2018-11-14 00:00:00,buy,SZ002463,1.04,1753043.2189235832,1753043.2189235832,0.13462303578853607,1817199.99,15499549.92
2018-11-14 00:00:00,buy,SH600757,2.81,646437.7083373071,646437.7083373071,0.43592754006385803,1817609.93,13681031.18
2018-11-14 00:00:00,buy,SZ000997,7.12,255439.6315169449,255439.6315169449,0.4576423764228821,1817794.94,11862327.34
2018-11-14 00:00:00,buy,SZ002670,2.45,743049.8873233371,743049.8873233371,0.26162442564964294,1817640.05,10043778.47
2018-11-15 00:00:00,sell,SH600729,7.87,229411.06682358377,229411.06682358377,0.2859625220298767,1805393.64,11846464.02
2018-11-15 00:00:00,sell,SZ002078,2.67,602286.7336027399,602286.7336027399,0.38918209075927734,1607978.69,13452030.73
2018-11-15 00:00:00,sell,SZ002244,1.0,1806358.0872894628,1806358.0872894628,0.23415541648864746,1814534.99,15263843.92
2018-11-15 00:00:00,sell,SH601801,0.93,1938989.7545875788,1938989.7545875788,0.12597982585430145,1812510.01,17073635.16
2018-11-15 00:00:00,sell,SZ002414,1.4,1366216.4073139797,1366216.4073139797,0.08279169350862503,1910450.99,18981220.48
2018-11-15 00:00:00,buy,SH603328,1.02,1763303.422840045,1763303.422840045,0.10571067780256271,1802488.05,17177831.19
2018-11-15 00:00:00,buy,SZ300266,2.87,627903.7740359649,627903.7740359649,0.6410217881202698,1803200.1,15373729.49
2018-11-15 00:00:00,buy,SZ000156,2.68,672316.4274999796,672316.4274999796,0.2962890565395355,1802760.05,13570068.06
2018-11-15 00:00:00,buy,SH600478,7.22,249551.45819968273,249551.45819968273,1.6493592262268066,1802808.04,11766358.62
2018-11-15 00:00:00,buy,SH601233,1.26,1427015.9866007725,1427015.9866007725,0.1016807109117508,1802142.08,9963315.47
2018-11-16 00:00:00,sell,SZ000860,12.12,146645.98373051433,146645.98373051433,0.3484726548194885,1777331.54,11737981.01
2018-11-16 00:00:00,sell,SZ000980,3.19,605022.3887752994,605022.3887752994,0.620245099067688,1928847.56,13663935.3
2018-11-16 00:00:00,sell,SZ000572,1.15,1604878.2652156118,1604878.2652156118,0.4533716142177582,1840843.89,15502017.93
2018-11-16 00:00:00,sell,SZ001696,7.01,264911.28405054763,264911.28405054763,1.3476427793502808,1856430.17,17355663.45
2018-11-16 00:00:00,sell,SH600155,3.02,633848.6950590472,633848.6950590472,0.33725935220718384,1911116.45,19263913.22
2018-11-16 00:00:00,buy,SZ000979,1.6,1140778.9785515482,1140778.9785515482,2.3943288326263428,1830038.05,17432960.15
2018-11-16 00:00:00,buy,SZ000656,11.39,160666.25883863657,160666.25883863657,1.8641126155853271,1829945.07,15602100.1
2018-11-16 00:00:00,buy,SZ002353,2.25,812027.5507268651,812027.5507268651,0.12056241184473038,1829750.93,13771434.29
2018-11-16 00:00:00,buy,SH600426,9.36,195533.62838926955,195533.62838926955,0.6663815379142761,1829412.06,11941107.53
2018-11-16 00:00:00,buy,SH600183,6.56,278939.0946483995,278939.0946483995,0.6790012717247009,1829604.09,10110588.64
2018-11-19 00:00:00,sell,SH600315,22.1,83820.82580222885,83820.82580222885,0.7933938503265381,1852771.54,11960581.03
2018-11-19 00:00:00,sell,SZ000686,4.14,487736.4765404781,487736.4765404781,0.5539920926094055,2018410.07,13975963.48
2018-11-19 00:00:00,sell,SH601128,1.19,1560982.1399258205,1560982.1399258205,0.16902486979961395,1857467.42,15830644.7
2018-11-19 00:00:00,sell,SZ000563,5.05,381671.67642110836,381671.67642110836,1.5892620086669922,1928912.74,17756664.07
2018-11-19 00:00:00,sell,SZ002373,1.1,1580384.3324291953,1580384.3324291953,0.08485886454582214,1734037.31,19488100.32
2018-11-19 00:00:00,buy,SH601811,1.01,1830847.8582775928,1830847.8582775928,0.10355857759714127,1850495.96,17636679.11
2018-11-19 00:00:00,buy,SZ000813,6.02,307636.47204903077,307636.47204903077,0.6475175023078918,1850568.0,15785185.83
2018-11-19 00:00:00,buy,SH600639,4.66,397366.89573710033,397366.89573710033,0.3331933319568634,1850952.05,13933308.3
2018-11-19 00:00:00,buy,SZ300146,3.77,490844.34533126745,490844.34533126745,0.1839687079191208,1851149.99,12081232.74
2018-11-19 00:00:00,buy,SH600240,6.9,268409.47147250123,268409.47147250123,1.959319829940796,1851167.99,10229139.16
2018-11-19 00:00:00,buy,SZ002439,5.21,355073.72733688547,355073.72733688547,0.2554399073123932,1851187.04,8377026.52
2018-11-19 00:00:00,buy,SZ002414,1.47,1254982.5649923482,1254982.5649923482,0.08278999477624893,1850459.0,6525642.29
2018-11-20 00:00:00,sell,SH600623,2.49,726081.8387392398,726081.8387392398,0.27531731128692627,1805123.11,8328057.72
2018-11-20 00:00:00,sell,SZ002635,2.06,915071.9109092912,915071.9109092912,0.16536705195903778,1886994.6,10212221.82
2018-11-20 00:00:00,sell,SZ002353,2.24,812027.5507268651,812027.5507268651,0.12056165188550949,1820928.66,12030419.09
2018-11-20 00:00:00,sell,SH600639,4.67,397366.89573710033,397366.89573710033,0.33320245146751404,1854974.89,13882611.52
2018-11-20 00:00:00,buy,SH603659,1.91,861564.2153347408,861564.2153347408,0.04224873706698418,1648556.04,12233231.19
2018-11-20 00:00:00,buy,SZ002250,4.16,395740.3262077869,395740.3262077869,0.45610716938972473,1647965.01,10584442.2
2018-11-20 00:00:00,buy,SZ002509,1.02,1613638.4654412156,1613638.4654412156,0.3559657335281372,1648527.89,8935090.05
2018-11-20 00:00:00,buy,SH600277,3.1,531059.0223087523,531059.0223087523,0.6321331262588501,1648286.97,7285978.94
2018-11-20 00:00:00,buy,SZ002600,0.64,2585168.758033709,2585168.758033709,0.20973485708236694,1648288.05,5636866.74
2018-11-20 00:00:00,buy,SZ002583,2.66,620724.6522769503,620724.6522769503,0.3191431164741516,1648191.91,3987850.74
2018-11-21 00:00:00,sell,SH603877,0.66,2508937.3825548245,2508937.3825548245,0.033921509981155396,1644266.13,5629650.48
2018-11-21 00:00:00,sell,SZ000979,1.17,1140778.9785515482,1140778.9785515482,2.39688777923584,1339816.34,6967457.09
2018-11-21 00:00:00,sell,SZ002670,3.0,743049.8873233371,743049.8873233371,0.2615518867969513,2229149.66,9193263.03
2018-11-21 00:00:00,sell,SZ002745,0.96,1898892.585569483,1898892.585569483,0.06624788045883179,1824065.39,11014592.32
2018-11-21 00:00:00,sell,SH600410,4.37,417753.34662186116,417753.34662186116,0.6539307236671448,1824854.0,12836709.04
2018-11-21 00:00:00,buy,SZ002174,3.08,660485.2730610713,660485.2730610713,0.1822902113199234,2032352.02,10803340.85
2018-11-21 00:00:00,buy,SZ002663,0.62,3291442.8168321787,3291442.8168321787,0.20930030941963196,2032254.87,8770069.85
2018-11-21 00:00:00,buy,SZ000543,2.29,888060.0321477825,888060.0321477825,0.5096502304077148,2032174.06,6736879.7
2018-11-21 00:00:00,buy,SH600755,7.76,261897.09522507404,261897.09522507404,1.0672130584716797,2031965.1,4703898.62
2018-11-22 00:00:00,sell,SH601811,1.08,1830847.8582775928,1830847.8582775928,0.10355320572853088,1975529.57,6676464.9
2018-11-22 00:00:00,sell,SZ000987,6.83,280112.8224874394,280112.8224874394,0.795042097568512,1913005.87,8586601.25
2018-11-22 00:00:00,sell,SZ002384,1.25,1340776.6796424205,1340776.6796424205,0.10464952141046524,1680933.51,10265013.36
2018-11-22 00:00:00,sell,SH600478,7.13,249551.45819968273,249551.45819968273,1.6494922637939453,1778255.36,12040601.34
2018-11-22 00:00:00,sell,SZ002414,1.43,1254982.5649923482,1254982.5649923482,0.08277808129787445,1798250.09,13836154.06
2018-11-22 00:00:00,buy,SZ002004,7.13,263438.911018462,263438.911018462,1.3813449144363403,1877724.04,11957491.16
2018-11-22 00:00:00,buy,SZ002176,1.61,1166099.5816910597,1166099.5816910597,0.2516080141067505,1877759.94,10078792.33
2018-11-22 00:00:00,buy,SH600936,0.65,2896035.015489432,2896035.015489432,0.14768467843532562,1877603.05,8200250.48
2018-11-22 00:00:00,buy,SH600280,5.39,348283.6275759739,348283.6275759739,1.331099033355713,1877580.02,6321731.67
2018-11-22 00:00:00,buy,SZ002093,3.36,558655.1135005361,558655.1135005361,0.4994136691093445,1877669.97,4443122.86
2018-11-23 00:00:00,sell,SZ002509,1.03,1613638.4654412156,1613638.4654412156,0.35596778988838196,1660025.67,6100658.49
2018-11-23 00:00:00,sell,SH600256,6.01,271744.91395949625,271744.91395949625,1.473029613494873,1633176.24,7731384.97
2018-11-23 00:00:00,sell,SH600811,3.1,524035.7847136512,524035.7847136512,0.8129382133483887,1623093.19,9352043.52
2018-11-23 00:00:00,sell,SH600183,6.14,278939.0946483995,278939.0946483995,0.6789824366569519,1714022.47,11063494.96
2018-11-23 00:00:00,sell,SZ000156,2.56,672316.4274999796,672316.4274999796,0.2963525056838989,1719464.09,12780379.86
2018-11-23 00:00:00,buy,SZ000547,11.33,153045.06249832406,153045.06249832406,1.4270306825637817,1734096.0,11045416.81
2018-11-23 00:00:00,buy,SH600770,1.74,996958.3756597975,996958.3756597975,0.3351193070411682,1733978.93,9310570.88
2018-11-23 00:00:00,buy,SZ002299,1.49,1162073.2583945116,1162073.2583945116,0.08192254602909088,1733591.91,7576112.18
2018-11-23 00:00:00,buy,SZ000960,3.52,493145.4767500921,493145.4767500921,0.34776756167411804,1733865.06,5841380.18
2018-11-23 00:00:00,buy,SH600657,2.94,589396.8739591308,589396.8739591308,0.7356672883033752,1734400.0,4106112.98
2018-11-26 00:00:00,sell,SH603328,0.95,1763303.422840045,1763303.422840045,0.10573574900627136,1670540.06,5774147.23
2018-11-26 00:00:00,sell,SH601678,0.81,2112411.6208620802,2112411.6208620802,0.18016773462295532,1716453.68,7488026.23
2018-11-26 00:00:00,sell,SH600125,5.09,312924.8429276077,312924.8429276077,0.6995364427566528,1593608.92,9079244.74
2018-11-26 00:00:00,sell,SZ000813,6.29,307636.47204903077,307636.47204903077,0.6474201083183289,1933941.13,11010284.95
2018-11-26 00:00:00,sell,SZ002302,1.55,1145655.054264158,1145655.054264158,0.13188809156417847,1772382.65,12780009.02
2018-11-26 00:00:00,buy,SZ300274,1.52,1142344.6428025772,1142344.6428025772,0.1931115984916687,1733916.03,11045226.03
2018-11-26 00:00:00,buy,SH600366,5.91,293517.43450416875,293517.43450416875,1.0309438705444336,1733898.06,9310461.02
2018-11-26 00:00:00,buy,SZ300001,2.44,710372.6956433486,710372.6956433486,0.1571006327867508,1733148.01,7576446.43
2018-11-26 00:00:00,buy,SZ000021,1.89,919286.1329993637,919286.1329993637,0.3052368462085724,1734107.92,5841471.46
2018-11-26 00:00:00,buy,SZ002489,0.81,2148280.6861676676,2148280.6861676676,0.2727297246456146,1734264.04,4106340.29
2018-11-27 00:00:00,sell,SZ002368,1.58,1023036.8995491382,1023036.8995491382,0.06343565881252289,1613988.99,5717908.29
2018-11-27 00:00:00,sell,SZ002439,5.21,355073.72733688547,355073.72733688547,0.2554488480091095,1848530.7,7563666.2
2018-11-27 00:00:00,sell,SZ000830,8.65,149151.0719653325,149151.0719653325,0.8032847046852112,1290361.97,8852092.63
2018-11-27 00:00:00,sell,SZ000878,2.8,598105.0008470519,598105.0008470519,0.34385812282562256,1672042.34,10521626.9
2018-11-27 00:00:00,sell,SZ300146,3.53,490844.34533126745,490844.34533126745,0.18397006392478943,1733772.73,12252798.98
2018-11-27 00:00:00,buy,SZ000806,1.79,928980.4683672679,928980.4683672679,0.3824622929096222,1662804.02,10589163.56
2018-11-27 00:00:00,buy,SZ300116,0.32,5118803.277488044,5118803.277488044,0.1980736404657364,1662795.92,8925536.24
2018-11-27 00:00:00,buy,SZ002371,3.24,512577.85677386785,512577.85677386785,0.08037803322076797,1659535.92,7265170.55
2018-11-27 00:00:00,buy,SH600292,1.87,888451.8016077188,888451.8016077188,0.3427310287952423,1662570.01,5601769.26
2018-11-27 00:00:00,buy,SZ002127,3.79,438997.47625897435,438997.47625897435,0.47927382588386536,1662160.0,3938778.18
2018-11-28 00:00:00,sell,SH601001,0.9,1754720.37040372,1754720.37040372,0.19446270167827606,1579884.09,5516292.44
2018-11-28 00:00:00,sell,SH600584,5.07,280303.54833724984,280303.54833724984,0.49879714846611023,1420516.45,6934678.12
2018-11-28 00:00:00,sell,SZ000656,11.11,160666.25883863657,160666.25883863657,1.8638861179351807,1784803.2,8716804.11
2018-11-28 00:00:00,sell,SH600426,8.51,195533.62838926955,195533.62838926955,0.6663703322410583,1663903.02,10378211.28
2018-11-28 00:00:00,sell,SZ000547,12.06,153045.06249832406,153045.06249832406,1.427013635635376,1845458.03,12220901.12
2018-11-28 00:00:00,buy,SZ000566,8.96,185049.62416167994,185049.62416167994,1.3807107210159302,1658195.0,10561877.02
2018-11-28 00:00:00,buy,SZ000969,2.13,777359.1070628493,777359.1070628493,0.40714773535728455,1658459.96,8902587.83
2018-11-28 00:00:00,buy,SH600393,1.61,1032960.2557638077,1032960.2557638077,0.6860864162445068,1658357.95,7243400.7
2018-11-28 00:00:00,buy,SZ002509,1.05,1584485.4058921959,1584485.4058921959,0.3560146391391754,1658454.05,5584117.42
2018-11-28 00:00:00,buy,SH603000,0.97,1706682.4457534384,1706682.4457534384,0.1189442127943039,1658510.0,3924778.16
2018-11-29 00:00:00,sell,SZ300274,1.6,1142344.6428025772,1142344.6428025772,0.19310089945793152,1828672.7,5750707.85
2018-11-29 00:00:00,sell,SZ002583,2.61,620724.6522769503,620724.6522769503,0.3191440999507904,1618482.01,7366762.14
2018-11-29 00:00:00,sell,SZ002509,0.98,1584485.4058921959,1584485.4058921959,0.35599827766418457,1556844.49,8921271.36
2018-11-29 00:00:00,sell,SZ000021,1.82,919286.1329993637,919286.1329993637,0.30525532364845276,1675283.35,10594041.79
2018-11-29 00:00:00,sell,SH600936,0.7,2896035.015489432,2896035.015489432,0.14775171875953674,2041055.08,12632035.28
2018-11-29 00:00:00,buy,SH600640,2.31,743131.5924361425,743131.5924361425,0.23252947628498077,1714175.97,10917002.23
2018-11-29 00:00:00,buy,SH600848,10.1,169534.22507713435,169534.22507713435,0.49960413575172424,1712633.97,9203511.94
2018-11-29 00:00:00,buy,SZ002332,0.92,1854905.7140666675,1854905.7140666675,0.12555894255638123,1714143.99,7488510.88
2018-11-29 00:00:00,buy,SH600895,4.09,419376.6571182233,419376.6571182233,0.2744549512863159,1713838.97,5773814.99
2018-11-29 00:00:00,buy,SZ001696,6.59,260073.5446792126,260073.5446792126,1.3476957082748413,1713945.09,4059012.92
2018-11-30 00:00:00,sell,SZ001696,6.7,260073.5446792126,260073.5446792126,1.3476930856704712,1741981.64,5798381.59
2018-11-30 00:00:00,sell,SH600640,2.28,743131.5924361425,743131.5924361425,0.2325151264667511,1695063.42,7490902.42
2018-11-30 00:00:00,sell,SZ000997,7.16,255439.6315169449,255439.6315169449,0.45763424038887024,1828283.53,9316443.52
2018-11-30 00:00:00,sell,SZ002093,3.32,558655.1135005361,558655.1135005361,0.49942463636398315,1852600.64,11166265.26
2018-11-30 00:00:00,sell,SZ000975,5.13,328270.03476677724,328270.03476677724,0.6266164779663086,1684678.21,12848416.45
2018-11-30 00:00:00,buy,SH600053,7.91,220191.09916257756,220191.09916257756,0.38602831959724426,1742499.97,11105045.23
2018-11-30 00:00:00,buy,SH600064,10.2,170818.9060594541,170818.9060594541,1.2966948747634888,1743204.97,9360968.66
2018-11-30 00:00:00,buy,SH600639,4.09,426477.10125234275,426477.10125234275,0.33319491147994995,1743567.04,7616529.84
2018-11-30 00:00:00,buy,SH600120,7.93,219999.57117499152,219999.57117499152,0.5954557061195374,1743610.04,5872047.99
2018-11-30 00:00:00,buy,SH600649,1.95,892864.8354801888,892864.8354801888,0.3254691958427429,1743600.0,4127576.19
2018-12-03 00:00:00,sell,SH603659,2.15,861564.2153347408,861564.2153347408,0.04225577414035797,1856345.07,5981136.75
2018-12-03 00:00:00,sell,SZ000969,2.15,777359.1070628493,777359.1070628493,0.4071512222290039,1671134.22,7649764.27
2018-12-03 00:00:00,sell,SZ002332,0.94,1854905.7140666672,1854905.7140666672,0.12554894387722015,1737295.57,9384453.89
2018-12-03 00:00:00,sell,SZ002004,7.2,263438.911018462,263438.911018462,1.381435513496399,1896043.34,11277653.16
2018-12-03 00:00:00,sell,SH600657,3.08,589396.8739591308,589396.8739591308,0.7356908917427063,1812506.15,13087440.55
2018-12-03 00:00:00,buy,SH600122,2.15,826610.2509108187,826610.2509108187,0.48063763976097107,1775930.91,11310621.68
2018-12-03 00:00:00,buy,SH600260,11.81,150357.98662296342,150357.98662296342,0.5959111452102661,1775871.99,9533861.75
2018-12-03 00:00:00,buy,SZ000592,7.11,249860.9507980438,249860.9507980438,2.292875289916992,1775990.02,7756983.73
2018-12-03 00:00:00,buy,SZ002030,12.99,136662.09779734453,136662.09779734453,1.0851582288742065,1775151.08,5980945.07
2018-12-03 00:00:00,buy,SH601928,0.74,2387447.4986818475,2387447.4986818475,0.09583456814289093,1775487.99,4204569.34
2018-12-04 00:00:00,sell,SH600120,8.62,219999.57117499152,219999.57117499152,0.5954533815383911,1896872.54,6098596.57
2018-12-04 00:00:00,sell,SH600848,10.64,169534.22507713435,169534.22507713435,0.49956798553466797,1803979.54,7899870.14
2018-12-04 00:00:00,sell,SZ000592,6.99,249860.9507980438,249860.9507980438,2.2927231788635254,1747229.15,9644478.44
2018-12-04 00:00:00,sell,SH600277,3.1,531059.0223087523,531059.0223087523,0.6321331262588501,1648286.97,11290292.98
2018-12-04 00:00:00,sell,SZ002463,1.05,1753043.2189235832,1753043.2189235832,0.1346195638179779,1833672.76,13121215.24
2018-12-04 00:00:00,buy,SH600161,10.85,164109.18869189243,164109.18869189243,0.4795587658882141,1780193.96,11340131.18
2018-12-04 00:00:00,buy,SZ002916,3.06,579612.5338689856,579612.5338689856,0.03623110055923462,1774919.94,9564323.78
2018-12-04 00:00:00,buy,SZ002281,3.0,593355.5916338633,593355.5916338633,0.10819818824529648,1780265.96,7783167.68
2018-12-04 00:00:00,buy,SH600499,7.05,252594.35594716534,252594.35594716534,1.4240223169326782,1780515.04,6001762.39
2018-12-04 00:00:00,buy,SH603019,10.98,161801.18588657747,161801.18588657747,0.26452216506004333,1776628.02,4224246.05
2018-12-04 00:00:00,buy,SH600017,1.49,1196431.9776255768,1196431.9776255768,0.5028284192085266,1780735.96,2442619.72
2018-12-05 00:00:00,sell,SH600770,1.8,996958.3756597975,996958.3756597975,0.33511820435523987,1797452.1,4237375.65
2018-12-05 00:00:00,sell,SZ300001,2.71,710372.6956433486,710372.6956433486,0.1570991426706314,1922849.67,6157341.05
2018-12-05 00:00:00,sell,SZ002127,3.75,438997.47625897435,438997.47625897435,0.4792632460594177,1645291.75,7800164.86
2018-12-05 00:00:00,sell,SH600639,4.02,426477.10125234275,426477.10125234275,0.33321040868759155,1712384.82,9509981.09
2018-12-05 00:00:00,buy,SZ002384,1.4,1075046.0985947112,1075046.0985947112,0.10464667528867722,1505249.95,8003978.52
2018-12-05 00:00:00,buy,SZ002223,12.34,121961.85867022407,121961.85867022407,0.6165862083435059,1505504.03,6497721.74
2018-12-05 00:00:00,buy,SZ300166,4.73,318341.1879782688,318341.1879782688,0.38794854283332825,1505464.96,4991504.05
2018-12-05 00:00:00,buy,SZ000488,2.59,581725.2838651887,581725.2838651887,0.41342538595199585,1505530.03,3485221.25
2018-12-06 00:00:00,sell,SZ002174,3.14,660485.2730610713,660485.2730610713,0.18228454887866974,2070815.65,5552930.67
2018-12-06 00:00:00,sell,SZ000543,2.47,888060.0321477825,888060.0321477825,0.5096734166145325,2190683.61,7740328.26
2018-12-06 00:00:00,sell,SH600755,7.48,261897.09522507404,261897.09522507404,1.067204236984253,1959278.76,9696668.1
2018-12-06 00:00:00,sell,SZ002699,2.35,832654.6501401697,832654.6501401697,0.3463897407054901,1952624.01,11646363.17
2018-12-06 00:00:00,sell,SZ000806,1.79,928980.4683672679,928980.4683672679,0.3824622929096222,1662804.02,13306672.99
2018-12-06 00:00:00,buy,SZ000979,0.62,3378655.9178850814,3378655.9178850814,2.398409366607666,2106883.94,11198735.61
2018-12-06 00:00:00,buy,SH600073,1.43,1470603.3818166442,1470603.3818166442,0.2163737714290619,2106484.03,9091198.34
2018-12-06 00:00:00,buy,SH603169,2.93,718076.0153997362,718076.0153997362,0.6729092597961426,2106752.01,6983392.96
2018-12-06 00:00:00,buy,SH600648,2.89,729235.7158943028,729235.7158943028,0.21008296310901642,2106499.93,4875839.78
2018-12-06 00:00:00,buy,SH600639,3.96,532117.6398780849,532117.6398780849,0.3331969976425171,2106323.94,2768462.68
2018-12-07 00:00:00,sell,SZ002281,2.75,593355.5916338633,593355.5916338633,0.10820423811674118,1629487.04,4395505.48
2018-12-07 00:00:00,sell,SH603000,0.93,1706682.4457534384,1706682.4457534384,0.11894501745700836,1595590.82,5988702.92
2018-12-07 00:00:00,sell,SH601928,0.76,2387447.4986818475,2387447.4986818475,0.09573718905448914,1805683.26,7791677.65
2018-12-07 00:00:00,sell,SZ002916,2.71,579612.5338689856,579612.5338689856,0.03622958064079285,1570314.0,9359636.18
2018-12-07 00:00:00,sell,SZ002390,0.89,1844435.5643669188,1844435.5643669188,0.19536463916301727,1646742.37,11003908.43
2018-12-07 00:00:00,buy,SZ002399,0.44,3978498.9781907336,3978498.9781907336,0.020962679758667946,1742225.87,9260811.45
2018-12-07 00:00:00,buy,SZ300032,0.5,3506602.0605417644,3506602.0605417644,0.15054459869861603,1742069.89,7517870.52
2018-12-07 00:00:00,buy,SZ002155,0.29,5953821.826056095,5953821.826056095,0.04041101783514023,1741943.87,5775055.68
2018-12-07 00:00:00,buy,SZ002358,4.81,362020.0916315139,362020.0916315139,0.28092363476753235,1741103.95,4033081.18
2018-12-07 00:00:00,buy,SH600312,7.27,239701.72820266386,239701.72820266386,0.886101245880127,1741679.91,2290530.43
2018-12-10 00:00:00,sell,SZ000488,2.46,581725.2838651887,581725.2838651887,0.41345638036727905,1431082.22,3719466.03
2018-12-10 00:00:00,sell,SH600122,2.01,826610.2509108187,826610.2509108187,0.480636328458786,1664682.43,5381651.44
2018-12-10 00:00:00,sell,SH600280,4.78,348283.6275759739,348283.6275759739,1.3310368061065674,1664246.27,7043401.35
2018-12-10 00:00:00,sell,SH600757,2.87,646437.7083373071,646437.7083373071,0.4358789026737213,1856854.83,8897470.89
2018-12-10 00:00:00,sell,SZ002155,0.3,5953821.826056095,5953821.826056095,0.040417689830064774,1780734.06,10675533.85
2018-12-10 00:00:00,buy,SH600557,5.1,331497.4937544796,331497.4937544796,0.44977715611457825,1689303.07,8985386.13
2018-12-10 00:00:00,buy,SZ002353,2.17,776385.8939150127,776385.8939150127,0.12055860459804535,1688543.95,7295997.9
2018-12-10 00:00:00,buy,SZ002317,0.99,1711436.522425678,1711436.522425678,0.1127123311161995,1689803.97,5605349.03
2018-12-10 00:00:00,buy,SH600635,5.8,291395.4888468486,291395.4888468486,1.155474305152893,1690234.09,3914269.83
2018-12-10 00:00:00,buy,SZ002414,1.64,1029111.620460506,1029111.620460506,0.08278985321521759,1688663.88,2224761.62
2018-12-11 00:00:00,sell,SH600179,3.5,433894.50809433224,433894.50809433224,0.5221258401870728,1520133.89,3742615.3
2018-12-11 00:00:00,sell,SZ002299,1.4,1162073.2583945116,1162073.2583945116,0.08191925287246704,1626902.53,5367077.48
2018-12-11 00:00:00,sell,SZ000028,12.15,134649.4801255814,134649.4801255814,0.27925264835357666,1636405.39,7001028.26
2018-12-11 00:00:00,sell,SH603019,10.32,161801.18588657747,161801.18588657747,0.26451823115348816,1670459.26,8668981.84
2018-12-11 00:00:00,sell,SZ300166,4.58,318341.1879782688,318341.1879782688,0.3879464566707611,1458527.07,10125321.12
2018-12-11 00:00:00,buy,SZ002509,0.95,1692752.432585929,1692752.432585929,0.3559882640838623,1602915.93,8521603.74
2018-12-11 00:00:00,buy,SZ000592,6.6,242721.2572621187,242721.2572621187,2.293165445327759,1603008.06,6917794.18
2018-12-11 00:00:00,buy,SH600458,5.2,308354.4276343103,308354.4276343103,0.7290312051773071,1602824.1,5314168.67
2018-12-11 00:00:00,buy,SZ000690,13.74,116703.0493166987,116703.0493166987,1.9485352039337158,1603169.99,3710197.1
2018-12-11 00:00:00,buy,SZ000703,14.11,113511.32410044657,113511.32410044657,1.1390933990478516,1602026.98,2107369.1
2018-12-12 00:00:00,sell,SZ002030,12.58,136662.09779734453,136662.09779734453,1.0851638317108154,1718805.94,3823596.83
2018-12-12 00:00:00,sell,SH600073,1.49,1470603.3818166442,1470603.3818166442,0.2163780927658081,2192441.82,6012749.99
2018-12-12 00:00:00,sell,SZ002371,3.44,512577.85677386785,512577.85677386785,0.08037497848272324,1765352.85,7775454.81
2018-12-12 00:00:00,sell,SH600161,10.66,164109.18869189243,164109.18869189243,0.4795479476451874,1748674.61,9521506.4
2018-12-12 00:00:00,sell,SZ000690,13.74,116703.0493166987,116703.0493166987,1.9485352039337158,1603169.99,11122271.63
2018-12-12 00:00:00,buy,SZ000401,5.57,316155.6088638247,316155.6088638247,0.42162781953811646,1760893.03,9360498.16
2018-12-12 00:00:00,buy,SZ002400,1.28,1376201.6535330138,1376201.6535330138,0.4181073307991028,1760724.03,7598893.76
2018-12-12 00:00:00,buy,SH600026,0.94,1870500.5865978177,1870500.5865978177,0.18032605946063995,1760705.95,5837307.47
2018-12-12 00:00:00,buy,SZ300134,0.79,2225123.117937483,2225123.117937483,0.08183816820383072,1760907.03,4075519.98
2018-12-12 00:00:00,buy,SH600862,4.28,411558.3367456027,411558.3367456027,0.7301516532897949,1760929.89,2313709.62
2018-12-13 00:00:00,sell,SH600895,3.95,419376.6571182233,419376.6571182233,0.2744559049606323,1655143.79,3966370.7
2018-12-13 00:00:00,sell,SZ002176,1.71,1166099.5816910597,1166099.5816910597,0.2516002953052521,1997992.81,5961366.52
2018-12-13 00:00:00,sell,SZ002250,4.46,395740.3262077869,395740.3262077869,0.45611825585365295,1765332.86,7724051.37
2018-12-13 00:00:00,sell,SZ002358,4.97,362020.0916315139,362020.0916315139,0.2809285521507263,1799104.44,9520457.16
2018-12-13 00:00:00,sell,SH600393,1.61,1032960.2557638077,1032960.2557638077,0.6860864162445068,1658357.95,11176327.57
2018-12-13 00:00:00,buy,SH600316,5.33,331760.1293713134,331760.1293713134,0.5081984996795654,1768613.99,9406829.28
2018-12-13 00:00:00,buy,SH600161,10.89,162445.51121337473,162445.51121337473,0.4795454144477844,1769108.98,7636835.74
2018-12-13 00:00:00,buy,SH600874,2.4,737396.3039107416,737396.3039107416,0.26308783888816833,1769280.03,5866671.07
2018-12-13 00:00:00,buy,SH600885,12.58,140711.20829535217,140711.20829535217,0.5351386070251465,1769550.1,4096236.2
2018-12-13 00:00:00,buy,SZ000049,10.75,164365.13472110676,164365.13472110676,0.3674745261669159,1766700.1,2328652.74
2018-12-14 00:00:00,sell,SZ000960,3.45,493145.4767500921,493145.4767500921,0.34779781103134155,1701427.87,4027528.47
2018-12-14 00:00:00,sell,SZ000401,5.57,316155.6088638247,316155.6088638247,0.42162781953811646,1760893.03,5785780.16
2018-12-14 00:00:00,sell,SZ002353,2.19,776385.8939150127,776385.8939150127,0.1205577552318573,1698828.01,7482059.92
2018-12-14 00:00:00,sell,SZ002399,0.47,3978498.9781907336,3978498.9781907336,0.020962312817573547,1878969.04,9358210.51
2018-12-14 00:00:00,sell,SH600639,3.87,532117.6398780849,532117.6398780849,0.3331910967826843,2056643.69,11411769.23
2018-12-14 00:00:00,buy,SZ000877,8.63,209298.79107489358,209298.79107489358,1.1079853773117065,1806500.89,9604365.09
2018-12-14 00:00:00,buy,SZ000806,1.64,1098646.000565703,1098646.000565703,0.3824707865715027,1806859.97,7796601.7
2018-12-14 00:00:00,buy,SZ002371,3.32,543693.5821737399,543693.5821737399,0.08037615567445755,1805246.99,5990452.09
2018-12-14 00:00:00,buy,SH600600,5.23,345763.56181328185,345763.56181328185,0.1451859176158905,1806698.0,4182850.73
2018-12-14 00:00:00,buy,SH600138,5.3,340543.1607378963,340543.1607378963,0.3905525505542755,1806140.05,2375807.61
2018-12-17 00:00:00,sell,SZ002841,3.34,449040.4332984085,449040.4332984085,0.05901510640978813,1499909.56,3873467.31
2018-12-17 00:00:00,sell,SZ300266,2.56,627903.7740359649,627903.7740359649,0.6410278081893921,1610015.12,5481067.41
2018-12-17 00:00:00,sell,SH600161,9.89,162445.51121337473,162445.51121337473,0.47955188155174255,1606319.7,7084977.63
2018-12-17 00:00:00,sell,SZ002414,1.7,1029111.620460506,1029111.620460506,0.08278581500053406,1752478.53,8834827.44
2018-12-17 00:00:00,sell,SZ002400,1.3,1376201.6535330138,1376201.6535330138,0.41811618208885193,1789531.78,10621674.92
2018-12-17 00:00:00,buy,SH600073,1.49,1126307.8354295006,1126307.8354295006,0.21637068688869476,1681529.97,8939304.18
2018-12-17 00:00:00,buy,SZ300010,1.19,1413152.404057953,1413152.404057953,0.15369892120361328,1681128.03,7257335.58
2018-12-17 00:00:00,buy,SZ000975,5.76,291868.28215382434,291868.28215382434,0.6266525387763977,1680851.01,5575644.14
2018-12-17 00:00:00,buy,SH600651,0.71,2352713.7115517957,2352713.7115517957,0.20656996965408325,1681560.04,3893243.33
2018-12-17 00:00:00,buy,SH600895,3.8,443065.87864533794,443065.87864533794,0.27445128560066223,1681727.97,2210674.49
2018-12-18 00:00:00,sell,SH600053,8.03,220191.09916257756,220191.09916257756,0.3860408365726471,1768907.23,3976928.37
2018-12-18 00:00:00,sell,SZ002663,0.55,3291442.8168321787,3291442.8168321787,0.20933645963668823,1805229.85,5779450.37
2018-12-18 00:00:00,sell,SH600648,2.89,729235.7158943028,729235.7158943028,0.21009652316570282,2105103.8,7881396.52
2018-12-18 00:00:00,sell,SZ002049,19.34,84731.5113074289,84731.5113074289,0.6290547251701355,1638465.35,9517404.17
2018-12-18 00:00:00,sell,SH600862,4.19,411558.3367456027,411558.3367456027,0.730065107345581,1724665.54,11239482.71
2018-12-18 00:00:00,buy,SZ002414,1.7,1044864.9928667367,1044864.9928667367,0.08278581500053406,1779305.01,9459288.05
2018-12-18 00:00:00,buy,SZ002129,1.69,1049870.2040557594,1049870.2040557594,0.24212516844272614,1779400.02,7678998.33
2018-12-18 00:00:00,buy,SH600422,3.03,586407.8762229118,586407.8762229118,0.4846456050872803,1779091.96,5899016.82
2018-12-18 00:00:00,buy,SZ002332,0.81,2184102.1355387783,2184102.1355387783,0.12554357945919037,1779558.04,4118569.0
2018-12-19 00:00:00,sell,SZ300134,0.75,2225123.117937483,2225123.117937483,0.08183842152357101,1671683.22,5787744.7
2018-12-19 00:00:00,sell,SH600260,10.46,150357.98662296342,150357.98662296342,0.5958709120750427,1572373.73,7357759.87
2018-12-19 00:00:00,sell,SZ000592,6.31,242721.2572621187,242721.2572621187,2.293001890182495,1530540.93,8886004.99
2018-12-19 00:00:00,sell,SZ000877,8.15,209298.79107489358,209298.79107489358,1.1079151630401611,1706675.7,10590120.67
2018-12-19 00:00:00,sell,SZ002414,1.7,1044864.9928667367,1044864.9928667367,0.08278132975101471,1773153.98,12360614.92
2018-12-19 00:00:00,buy,SH600155,2.71,619339.216615754,619339.216615754,0.33729496598243713,1677466.92,10682309.26
2018-12-19 00:00:00,buy,SH600335,8.99,186547.92510941662,186547.92510941662,1.3401381969451904,1677500.07,9003970.44
2018-12-19 00:00:00,buy,SZ002011,3.39,494802.9656023375,494802.9656023375,0.7336253523826599,1677060.05,7326071.86
2018-12-19 00:00:00,buy,SZ000426,5.07,330980.1217369838,330980.1217369838,1.0218136310577393,1677471.91,5647761.22
2018-12-19 00:00:00,buy,SZ002366,0.86,1950116.9500544968,1950116.9500544968,0.08343089371919632,1677436.99,3969485.51
2018-12-19 00:00:00,buy,SZ002147,0.28,6097044.7873140555,6097044.7873140555,0.07316659390926361,1677335.86,2291310.98
2018-12-20 00:00:00,sell,SH600138,5.18,340543.1607378963,340543.1607378963,0.3905368447303772,1763508.99,4052174.7
2018-12-20 00:00:00,sell,SH600458,5.1,308354.4276343103,308354.4276343103,0.7290132641792297,1571313.35,5621131.08
2018-12-20 00:00:00,sell,SH600240,5.66,268409.47147250123,268409.47147250123,1.9588005542755127,1519448.17,7138300.08
2018-12-20 00:00:00,sell,SZ000566,7.73,185049.62416167994,185049.62416167994,1.3808832168579102,1430978.82,8567132.43
2018-12-20 00:00:00,sell,SZ000553,6.86,226590.67125915107,226590.67125915107,0.7251474261283875,1554388.16,10119189.01
2018-12-20 00:00:00,buy,SH600521,5.65,283586.60017307627,283586.60017307627,0.48768171668052673,1601514.09,8516874.16
2018-12-20 00:00:00,buy,SZ000401,5.52,290060.9181026909,290060.9181026909,0.42163556814193726,1600907.08,6915166.63
2018-12-20 00:00:00,buy,SZ000729,2.26,709033.9531040457,709033.9531040457,0.38094085454940796,1601693.04,5312672.74
2018-12-20 00:00:00,buy,SZ300274,1.82,878817.0021580005,878817.0021580005,0.19310049712657928,1601968.01,3709903.75
2018-12-20 00:00:00,buy,SZ000543,2.5,641311.0139197183,641311.0139197183,0.5097370743751526,1601810.0,2107292.85
2018-12-21 00:00:00,sell,SH600895,3.8,443065.87864533794,443065.87864533794,0.27445918321609497,1684208.39,3788974.92
2018-12-21 00:00:00,sell,SH600064,10.14,170818.9060594541,170818.9060594541,1.2966134548187256,1732021.17,5518398.06
2018-12-21 00:00:00,sell,SH600635,5.5,291395.4888468486,291395.4888468486,1.1554621458053589,1602675.19,7118669.24
2018-12-21 00:00:00,sell,SZ300032,0.47,3506602.0605417644,3506602.0605417644,0.15053494274616241,1652221.08,8768411.99
2018-12-21 00:00:00,sell,SZ000975,5.8,291868.28215382434,291868.28215382434,0.6266504526138306,1691819.43,10457693.69
2018-12-21 00:00:00,buy,SH600664,1.87,886142.5635018967,886142.5635018967,0.47294872999191284,1655445.01,8801420.96
2018-12-21 00:00:00,buy,SZ002399,0.46,3587273.428624462,3587273.428624462,0.020962996408343315,1653648.04,7146946.09
2018-12-21 00:00:00,buy,SZ002191,1.55,1070818.8577661803,1070818.8577661803,0.19499096274375916,1655784.02,5490334.18
2018-12-21 00:00:00,buy,SZ000596,30.38,54436.34052748101,54436.34052748101,0.545591413974762,1653993.09,3835514.1
2018-12-21 00:00:00,buy,SH600201,21.92,75460.87712200664,75460.87712200664,1.233751893043518,1654386.98,2180299.92
2018-12-24 00:00:00,sell,SH603169,2.75,718076.0153997362,718076.0153997362,0.67287677526474,1976192.68,4153528.32
2018-12-24 00:00:00,sell,SH600874,2.2,737396.3039107416,737396.3039107416,0.2631870210170746,1624392.16,5775483.89
2018-12-24 00:00:00,sell,SZ002489,0.76,2148280.6861676676,2148280.6861676676,0.27272671461105347,1634642.95,7407674.87
2018-12-24 00:00:00,sell,SH600422,3.03,586407.8762229118,586407.8762229118,0.48462381958961487,1776170.2,9181180.82
2018-12-24 00:00:00,sell,SZ000806,1.68,1098646.000565703,1098646.000565703,0.38246840238571167,1848868.47,11027275.99
2018-12-24 00:00:00,buy,SZ002407,1.73,1011729.9905947079,1011729.9905947079,0.14747017621994019,1745639.98,9280763.19
2018-12-24 00:00:00,buy,SZ002019,6.89,253338.70684434337,253338.70684434337,0.6291971802711487,1745429.97,7534460.51
2018-12-24 00:00:00,buy,SH600970,3.88,449467.49522492895,449467.49522492895,0.6801381707191467,1745546.93,5788040.81
2018-12-24 00:00:00,buy,SH603899,3.24,538647.6733807846,538647.6733807846,0.11083311587572098,1745628.01,4041539.99
2018-12-24 00:00:00,buy,SH600575,4.58,381204.9691432812,381204.9691432812,2.1203815937042236,1745928.0,2294739.02
2018-12-25 00:00:00,sell,SZ300274,1.87,878817.0021580005,878817.0021580005,0.19309112429618835,1646010.02,3938280.03
2018-12-25 00:00:00,sell,SH600651,0.68,2352713.7115517957,2352713.7115517957,0.20656991004943848,1603799.48,5539673.81
2018-12-25 00:00:00,sell,SZ002371,3.26,543693.5821737399,543693.5821737399,0.08037462085485458,1770690.21,7307707.98
2018-12-25 00:00:00,sell,SZ002600,0.53,2585168.758033709,2585168.758033709,0.20977641642093658,1377460.86,8683102.65
2018-12-25 00:00:00,sell,SH600600,5.25,345763.56181328185,345763.56181328185,0.14518125355243683,1813667.84,10494049.99
2018-12-25 00:00:00,buy,SZ002439,5.49,302227.17939928663,302227.17939928663,0.2554369866847992,1659800.0,8833420.09
2018-12-25 00:00:00,buy,SZ002250,4.26,389817.455483643,389817.455483643,0.4561109244823456,1660652.0,7171937.76
2018-12-25 00:00:00,buy,SH600687,3.13,530614.4512864301,530614.4512864301,0.7282123565673828,1661519.97,5509587.03
2018-12-25 00:00:00,buy,SH600748,3.51,473173.071394283,473173.071394283,0.6348628401756287,1661211.9,3847544.52
2018-12-25 00:00:00,buy,SH600325,7.78,213502.1054126298,213502.1054126298,1.2332431077957153,1661423.0,2185290.8
2018-12-25 00:00:00,buy,SZ002434,1.4,1188532.1868506563,1188532.1868506563,0.2089131474494934,1661127.08,523333.16
2018-12-26 00:00:00,sell,SZ002384,1.22,1075046.0985947112,1075046.0985947112,0.1046457588672638,1312863.59,1834227.45
2018-12-26 00:00:00,sell,SH600073,1.6,1126307.8354295006,1126307.8354295006,0.2164134979248047,1801299.32,3632824.82
2018-12-26 00:00:00,sell,SZ002129,1.8,1049870.2040557594,1049870.2040557594,0.24219857156276703,1891821.35,5521808.44
2018-12-26 00:00:00,sell,SH600885,12.26,140711.20829535217,140711.20829535217,0.5350918173789978,1724972.1,7244193.08
2018-12-26 00:00:00,sell,SZ002399,0.49,3587273.428624462,3587273.428624462,0.020962292328476906,1746837.26,8988410.09
2018-12-26 00:00:00,buy,SZ002437,0.77,2209534.5841263463,2209534.5841263463,0.2664814591407776,1707519.96,7280036.37
2018-12-26 00:00:00,buy,SZ300159,0.82,2089101.105502344,2089101.105502344,0.1717006415128708,1707412.04,5571770.62
2018-12-26 00:00:00,buy,SZ002665,1.32,1290071.0989085597,1290071.0989085597,0.47276464104652405,1707719.95,3863196.81
2018-12-26 00:00:00,buy,SZ000969,1.87,911558.0452498649,911558.0452498649,0.407214879989624,1707519.93,2154823.11
2018-12-26 00:00:00,buy,SH600773,3.33,513538.35340586794,513538.35340586794,0.54874187707901,1707708.01,446261.25
2018-12-27 00:00:00,sell,SH600970,3.71,449467.49522492895,449467.49522492895,0.680182933807373,1669231.93,2112989.34
2018-12-27 00:00:00,sell,SH600026,0.8,1870500.5865978177,1870500.5865978177,0.18027633428573608,1497198.99,3607942.52
2018-12-27 00:00:00,sell,SZ000979,0.53,3378655.9178850814,3378655.9178850814,2.393890380859375,1779389.12,5384662.56
2018-12-27 00:00:00,sell,SZ002317,0.94,1711436.522425678,1711436.522425678,0.11271389573812485,1606879.27,6989131.5
2018-12-27 00:00:00,sell,SH600664,1.81,886142.5635018967,886142.5635018967,0.472959965467453,1605191.12,8591914.84
2018-12-27 00:00:00,buy,SZ002179,4.36,373968.63983117865,373968.63983117865,0.1304922252893448,1630408.1,6960691.54
2018-12-27 00:00:00,buy,SH600614,4.49,363940.04612833407,363940.04612833407,1.3757760524749756,1632282.09,5327593.31
2018-12-27 00:00:00,buy,SZ000990,3.42,477700.89705374435,477700.89705374435,0.2815569341182709,1631484.87,3695292.69
2018-12-27 00:00:00,buy,SH600600,5.09,320294.5785128446,320294.5785128446,0.14517885446548462,1629824.93,2064652.85
2018-12-27 00:00:00,buy,SZ000587,6.27,260165.16559167925,260165.16559167925,2.6929047107696533,1632397.99,431438.66
2018-12-28 00:00:00,sell,SH600557,4.62,331497.4937544796,331497.4937544796,0.44978979229927063,1532791.01,1961930.48
2018-12-28 00:00:00,sell,SH601233,0.99,1427015.9866007725,1427015.9866007725,0.10166583210229874,1415968.73,3375775.25
2018-12-28 00:00:00,sell,SH600017,1.39,1196431.9776255768,1196431.9776255768,0.5027524828910828,1660165.24,5033450.24
2018-12-28 00:00:00,sell,SZ002191,1.52,1070818.8577661803,1070818.8577661803,0.19500349462032318,1630832.87,6661836.86
2018-12-28 00:00:00,sell,SZ300116,0.27,5118803.277488044,5118803.277488044,0.19799485802650452,1378355.58,8038124.91
2018-12-28 00:00:00,buy,SH600393,1.45,1050035.6888250266,1050035.6888250266,0.6859766840934753,1527036.03,6510325.36
2018-12-28 00:00:00,buy,SH600187,2.27,674084.264803633,674084.264803633,0.9172443747520447,1527200.95,4982360.81
2018-12-28 00:00:00,buy,SZ002242,1.51,1010797.6212063034,1010797.6212063034,0.09428197890520096,1525753.01,3455844.93
2018-12-28 00:00:00,buy,SH603816,1.3,1173283.6217946983,1173283.6217946983,0.02889326959848404,1525499.99,1929582.19
2018-12-28 00:00:00,buy,SZ002414,1.78,855166.1798720483,855166.1798720483,0.08279092609882355,1525739.95,403079.37
